ARTIST_ID,ARTIST_NAME,SHOW_ID,SHOW_DATE,SOURCE,VENUE_NAME,VENUE_ID,VENUE_TYPE,VENUE_CAPACITY,CITY_NAME,STATE_CODE,COUNTRY_NAME,MARKET_SIZE,ARTIST_TIER,TICKETS_SOLD,SELLOUT_STATUS,ATTENDANCE_RATE,AVERAGE_TICKET_PRICE,TICKET_PRICE_RANGE,REVENUE,EVENT_DATE_STR,LAST_UPDATED,INGESTED_AT
c8b03190-306c-4120-bb0b-6f2ebfc06ea9,The Weeknd,73406a2d,13-09-2025,setlist.fm,Ocean Casino Resort,3d3fd1f,Other,14156,Atlantic City,NJ,United States,Large,A-list,11146,FALSE,78.7,117,$64-$234,1304082,13-09-2025,2025-11-01T04:32:04.905758Z,2025-11-01T04:32:04.905758Z
c8b03190-306c-4120-bb0b-6f2ebfc06ea9,The Weeknd,6b5a8646,03-09-2025,setlist.fm,Alamodome,13d63df1,Stadium,51181,San Antonio,TX,United States,Major,A-list,43648,FALSE,85.3,188,$103-$376,8205824,03-09-2025,2025-11-01T04:32:04.905758Z,2025-11-01T04:32:04.905758Z
c8b03190-306c-4120-bb0b-6f2ebfc06ea9,The Weeknd,635a328b,31-08-2025,setlist.fm,NRG Stadium,bd451b6,Stadium,38782,Houston,TX,United States,Major,A-list,31849,FALSE,82.1,209,$114-$418,6656441,31-08-2025,2025-11-01T04:32:04.905758Z,2025-11-01T04:32:04.905758Z
c8b03190-306c-4120-bb0b-6f2ebfc06ea9,The Weeknd,7b5a8640,30-08-2025,setlist.fm,NRG Stadium,bd451b6,Stadium,44523,Houston,TX,United States,Major,A-list,37779,FALSE,84.9,181,$99-$362,6837999,30-08-2025,2025-11-01T04:32:04.905758Z,2025-11-01T04:32:04.905758Z
c8b03190-306c-4120-bb0b-6f2ebfc06ea9,The Weeknd,6b5a3292,28-08-2025,setlist.fm,AT&T Stadium,6bd43202,Stadium,48408,Arlington,TX,United States,Large,A-list,41380,FALSE,85.5,194,$106-$388,8027720,28-08-2025,2025-11-01T04:32:04.905758Z,2025-11-01T04:32:04.905758Z
c8b03190-306c-4120-bb0b-6f2ebfc06ea9,The Weeknd,6b5a8642,27-08-2025,setlist.fm,AT&T Stadium,6bd43202,Stadium,54884,Arlington,TX,United States,Large,A-list,49791,FALSE,90.7,194,$106-$388,9659454,27-08-2025,2025-11-01T04:32:04.905758Z,2025-11-01T04:32:04.905758Z
c8b03190-306c-4120-bb0b-6f2ebfc06ea9,The Weeknd,735a864d,24-08-2025,setlist.fm,Camping World Stadium,3d529db,Stadium,60474,Orlando,FL,United States,Large,A-list,52863,FALSE,87.4,222,$122-$444,11735586,24-08-2025,2025-11-01T04:32:04.905758Z,2025-11-01T04:32:04.905758Z
c8b03190-306c-4120-bb0b-6f2ebfc06ea9,The Weeknd,635a864f,21-08-2025,setlist.fm,Mercedes-Benz Stadium,6bd28eea,Stadium,78555,Atlanta,GA,United States,Major,A-list,69421,FALSE,88.4,213,$117-$426,14786673,21-08-2025,2025-11-01T04:32:04.905758Z,2025-11-01T04:32:04.905758Z
c8b03190-306c-4120-bb0b-6f2ebfc06ea9,The Weeknd,7b5a32c4,16-08-2025,setlist.fm,Hard Rock Stadium,4bd57bba,Stadium,80779,Miami Gardens,FL,United States,Large,A-list,67856,FALSE,84.0,185,$101-$370,12553360,16-08-2025,2025-11-01T04:32:04.905758Z,2025-11-01T04:32:04.905758Z
c8b03190-306c-4120-bb0b-6f2ebfc06ea9,The Weeknd,6b5a864a,15-08-2025,setlist.fm,Hard Rock Stadium,4bd57bba,Stadium,89785,Miami Gardens,FL,United States,Large,A-list,87716,FALSE,97.7,189,$103-$378,16578324,15-08-2025,2025-11-01T04:32:04.905758Z,2025-11-01T04:32:04.905758Z
c8b03190-306c-4120-bb0b-6f2ebfc06ea9,The Weeknd,7b5a8654,12-08-2025,setlist.fm,Nissan Stadium,53d5a385,Stadium,81344,Nashville,TN,United States,Major,A-list,69611,FALSE,85.6,182,$100-$364,12669202,12-08-2025,2025-11-01T04:32:04.905758Z,2025-11-01T04:32:04.905758Z
c8b03190-306c-4120-bb0b-6f2ebfc06ea9,The Weeknd,735ac60d,08-08-2025,setlist.fm,Rogers Centre,3d639cb,Other,9207,Toronto,ON,Canada,Large,A-list,7989,FALSE,86.8,114,$62-$228,910746,08-08-2025,2025-11-01T04:32:04.905758Z,2025-11-01T04:32:04.905758Z
c8b03190-306c-4120-bb0b-6f2ebfc06ea9,The Weeknd,6b4036da,07-08-2025,setlist.fm,Rogers Centre,3d639cb,Other,12632,Toronto,ON,Canada,Large,A-list,10097,FALSE,79.9,118,$64-$236,1191446,07-08-2025,2025-11-01T04:32:04.905758Z,2025-11-01T04:32:04.905758Z
c8b03190-306c-4120-bb0b-6f2ebfc06ea9,The Weeknd,535acf61,07-08-2025,setlist.fm,Rogers Centre,3d639cb,Other,1306,Toronto,ON,Canada,Large,A-list,1206,FALSE,92.4,118,$64-$236,142308,07-08-2025,2025-11-01T04:32:04.905758Z,2025-11-01T04:32:04.905758Z
c8b03190-306c-4120-bb0b-6f2ebfc06ea9,The Weeknd,735a8655,02-08-2025,setlist.fm,Northwest Stadium,7bdea258,Stadium,30052,Landover,MD,United States,Large,A-list,29289,FALSE,97.5,200,$110-$400,5857800,02-08-2025,2025-11-01T04:32:04.905758Z,2025-11-01T04:32:04.905758Z
c8b03190-306c-4120-bb0b-6f2ebfc06ea9,The Weeknd,7b5a32ac,31-07-2025,setlist.fm,Lincoln Financial Field,7bd61e04,Stadium,35607,Philadelphia,PA,United States,Major,A-list,33794,FALSE,94.9,207,$113-$414,6995358,31-07-2025,2025-11-01T04:32:04.905758Z,2025-11-01T04:32:04.905758Z
c8b03190-306c-4120-bb0b-6f2ebfc06ea9,The Weeknd,635a8657,30-07-2025,setlist.fm,Lincoln Financial Field,7bd61e04,Stadium,51971,Philadelphia,PA,United States,Major,A-list,42111,FALSE,81.0,226,$124-$452,9517086,30-07-2025,2025-11-01T04:32:04.905758Z,2025-11-01T04:32:04.905758Z
c8b03190-306c-4120-bb0b-6f2ebfc06ea9,The Weeknd,7b5a8650,28-07-2025,setlist.fm,Rogers Centre,3d639cb,Other,6969,Toronto,ON,Canada,Large,A-list,5684,FALSE,81.6,107,$58-$214,608188,28-07-2025,2025-11-01T04:32:04.905758Z,2025-11-01T04:32:04.905758Z
c8b03190-306c-4120-bb0b-6f2ebfc06ea9,The Weeknd,735a8651,27-07-2025,setlist.fm,Rogers Centre,3d639cb,Other,10135,Toronto,ON,Canada,Large,A-list,8229,FALSE,81.2,105,$57-$210,864045,27-07-2025,2025-11-01T04:32:04.905758Z,2025-11-01T04:32:04.905758Z
c8b03190-306c-4120-bb0b-6f2ebfc06ea9,The Weeknd,635ac60f,25-07-2025,setlist.fm,Parc Jean-Drapeau,53d62765,Other,5004,Montreal,QC,Canada,Large,A-list,4173,FALSE,83.4,113,$62-$226,471549,25-07-2025,2025-11-01T04:32:04.905758Z,2025-11-01T04:32:04.905758Z
c8b03190-306c-4120-bb0b-6f2ebfc06ea9,The Weeknd,6b5a8652,24-07-2025,setlist.fm,Parc Jean-Drapeau,53d62765,Other,7487,Montreal,QC,Canada,Large,A-list,6914,FALSE,92.3,112,$61-$224,774368,24-07-2025,2025-11-01T04:32:04.905758Z,2025-11-01T04:32:04.905758Z
c8b03190-306c-4120-bb0b-6f2ebfc06ea9,The Weeknd,635a8653,19-07-2025,setlist.fm,Commonwealth Stadium,23d62037,Stadium,54853,Edmonton,AB,Canada,Large,A-list,44656,FALSE,81.4,226,$124-$452,10092256,19-07-2025,2025-11-01T04:32:04.905758Z,2025-11-01T04:32:04.905758Z
c8b03190-306c-4120-bb0b-6f2ebfc06ea9,The Weeknd,435a3be7,16-07-2025,setlist.fm,BC Place Stadium,63d62247,Stadium,47939,Vancouver,BC,Canada,Large,A-list,46517,FALSE,97.0,214,$117-$428,9954638,16-07-2025,2025-11-01T04:32:04.905758Z,2025-11-01T04:32:04.905758Z
c8b03190-306c-4120-bb0b-6f2ebfc06ea9,The Weeknd,7b5a865c,15-07-2025,setlist.fm,BC Place Stadium,63d62247,Stadium,57922,Vancouver,BC,Canada,Large,A-list,55252,FALSE,95.4,229,$125-$458,12652708,15-07-2025,2025-11-01T04:32:04.905758Z,2025-11-01T04:32:04.905758Z
c8b03190-306c-4120-bb0b-6f2ebfc06ea9,The Weeknd,735a865d,12-07-2025,setlist.fm,Lumen Field,5bd0d35c,Stadium,55512,Seattle,WA,United States,Major,A-list,45993,FALSE,82.9,182,$100-$364,8370726,12-07-2025,2025-11-01T04:32:04.905758Z,2025-11-01T04:32:04.905758Z
c8b03190-306c-4120-bb0b-6f2ebfc06ea9,The Weeknd,b5ac1d2,09-07-2025,setlist.fm,Levi's Stadium,63d4564f,Stadium,60832,Santa Clara,CA,United States,Large,A-list,54080,FALSE,88.9,199,$109-$398,10761920,09-07-2025,2025-11-01T04:32:04.905758Z,2025-11-01T04:32:04.905758Z
c8b03190-306c-4120-bb0b-6f2ebfc06ea9,The Weeknd,735a8669,08-07-2025,setlist.fm,Levi's Stadium,63d4564f,Stadium,34728,Santa Clara,CA,United States,Large,A-list,30848,FALSE,88.8,212,$116-$424,6539776,08-07-2025,2025-11-01T04:32:04.905758Z,2025-11-01T04:32:04.905758Z
c8b03190-306c-4120-bb0b-6f2ebfc06ea9,The Weeknd,635a865f,05-07-2025,setlist.fm,Allegiant Stadium,6bd08e7e,Stadium,39345,Las Vegas,NV,United States,Major,A-list,33707,FALSE,85.7,181,$99-$362,6100967,05-07-2025,2025-11-01T04:32:04.905758Z,2025-11-01T04:32:04.905758Z
c8b03190-306c-4120-bb0b-6f2ebfc06ea9,The Weeknd,1b5ac1e4,29-06-2025,setlist.fm,SoFi Stadium,13d0b545,Stadium,87737,Inglewood,CA,United States,Large,A-list,75258,FALSE,85.8,215,$118-$430,16180470,29-06-2025,2025-11-01T04:32:04.905758Z,2025-11-01T04:32:04.905758Z
c8b03190-306c-4120-bb0b-6f2ebfc06ea9,The Weeknd,435acf63,28-06-2025,setlist.fm,SoFi Stadium,13d0b545,Stadium,84462,Inglewood,CA,United States,Large,A-list,70161,FALSE,83.1,192,$105-$384,13470912,28-06-2025,2025-11-01T04:32:04.905758Z,2025-11-01T04:32:04.905758Z
c8b03190-306c-4120-bb0b-6f2ebfc06ea9,The Weeknd,7b5a8658,26-06-2025,setlist.fm,SoFi Stadium,13d0b545,Stadium,65438,Inglewood,CA,United States,Large,A-list,58431,FALSE,89.3,220,$121-$440,12854820,26-06-2025,2025-11-01T04:32:04.905758Z,2025-11-01T04:32:04.905758Z
c8b03190-306c-4120-bb0b-6f2ebfc06ea9,The Weeknd,735a8659,25-06-2025,setlist.fm,SoFi Stadium,13d0b545,Stadium,81296,Inglewood,CA,United States,Large,A-list,66136,FALSE,81.4,216,$118-$432,14285376,25-06-2025,2025-11-01T04:32:04.905758Z,2025-11-01T04:32:04.905758Z
c8b03190-306c-4120-bb0b-6f2ebfc06ea9,The Weeknd,6b5a865a,21-06-2025,setlist.fm,Empower Field at Mile High,63d30e6b,Stadium,58191,Denver,CO,United States,Major,A-list,47530,FALSE,81.7,184,$101-$368,8745520,21-06-2025,2025-11-01T04:32:04.905758Z,2025-11-01T04:32:04.905758Z
c8b03190-306c-4120-bb0b-6f2ebfc06ea9,The Weeknd,635a865b,14-06-2025,setlist.fm,U.S. Bank Stadium,43d253af,Stadium,68738,Minneapolis,MN,United States,Large,A-list,65495,FALSE,95.3,184,$101-$368,12051080,14-06-2025,2025-11-01T04:32:04.905758Z,2025-11-01T04:32:04.905758Z
c8b03190-306c-4120-bb0b-6f2ebfc06ea9,The Weeknd,735a32c5,11-06-2025,setlist.fm,Gillette Stadium,13d6d59d,Stadium,63384,Foxborough,MA,United States,Large,A-list,61723,FALSE,97.4,229,$125-$458,14134567,11-06-2025,2025-11-01T04:32:04.905758Z,2025-11-01T04:32:04.905758Z
c8b03190-306c-4120-bb0b-6f2ebfc06ea9,The Weeknd,2b5a38ba,10-06-2025,setlist.fm,Gillette Stadium,13d6d59d,Stadium,54836,Foxborough,MA,United States,Large,A-list,46246,FALSE,84.3,198,$108-$396,9156708,10-06-2025,2025-11-01T04:32:04.905758Z,2025-11-01T04:32:04.905758Z
c8b03190-306c-4120-bb0b-6f2ebfc06ea9,The Weeknd,6b5ac60a,07-06-2025,setlist.fm,MetLife Stadium,1bd72160,Stadium,69658,East Rutherford,NJ,United States,Large,A-list,54639,FALSE,78.4,197,$108-$394,10763883,07-06-2025,2025-11-01T04:32:04.905758Z,2025-11-01T04:32:04.905758Z
c8b03190-306c-4120-bb0b-6f2ebfc06ea9,The Weeknd,535acf6d,06-06-2025,setlist.fm,MetLife Stadium,1bd72160,Stadium,78454,East Rutherford,NJ,United States,Large,A-list,64462,FALSE,82.2,202,$111-$404,13021324,06-06-2025,2025-11-01T04:32:04.905758Z,2025-11-01T04:32:04.905758Z
c8b03190-306c-4120-bb0b-6f2ebfc06ea9,The Weeknd,7b5a8664,05-06-2025,setlist.fm,MetLife Stadium,1bd72160,Stadium,78648,East Rutherford,NJ,United States,Large,A-list,67892,FALSE,86.3,185,$101-$370,12560020,05-06-2025,2025-11-01T04:32:04.905758Z,2025-11-01T04:32:04.905758Z
c8b03190-306c-4120-bb0b-6f2ebfc06ea9,The Weeknd,435acf6f,31-05-2025,setlist.fm,Soldier Field,4bd637ce,Stadium,69099,Chicago,IL,United States,Major,A-list,59453,FALSE,86.0,212,$116-$424,12604036,31-05-2025,2025-11-01T04:32:04.905758Z,2025-11-01T04:32:04.905758Z
c8b03190-306c-4120-bb0b-6f2ebfc06ea9,The Weeknd,635a8667,30-05-2025,setlist.fm,Soldier Field,4bd637ce,Stadium,54966,Chicago,IL,United States,Major,A-list,49757,FALSE,90.5,189,$103-$378,9404073,30-05-2025,2025-11-01T04:32:04.905758Z,2025-11-01T04:32:04.905758Z
c8b03190-306c-4120-bb0b-6f2ebfc06ea9,The Weeknd,7b5a32a8,25-05-2025,setlist.fm,Ford Field,bd6398a,Stadium,31971,Detroit,MI,United States,Major,A-list,27859,FALSE,87.1,196,$107-$392,5460364,25-05-2025,2025-11-01T04:32:04.905758Z,2025-11-01T04:32:04.905758Z
c8b03190-306c-4120-bb0b-6f2ebfc06ea9,The Weeknd,535a87c9,24-05-2025,setlist.fm,Ford Field,bd6398a,Stadium,58044,Detroit,MI,United States,Major,A-list,52581,FALSE,90.6,226,$124-$452,11883306,24-05-2025,2025-11-01T04:32:04.905758Z,2025-11-01T04:32:04.905758Z
c8b03190-306c-4120-bb0b-6f2ebfc06ea9,The Weeknd,53464305,15-05-2025,setlist.fm,The Tonight Show Starring Jimmy Fallon,13d4dd51,Other,11789,New York,NY,United States,Major,A-list,11413,FALSE,96.8,116,$63-$232,1323908,15-05-2025,2025-11-01T04:32:04.905758Z,2025-11-01T04:32:04.905758Z
c8b03190-306c-4120-bb0b-6f2ebfc06ea9,The Weeknd,2b47b03a,12-05-2025,setlist.fm,Jacob K. Javits Convention Center,3bd3404c,Arena,8116,New York,NY,United States,Major,A-list,7806,FALSE,96.2,139,$76-$278,1085034,12-05-2025,2025-11-01T04:32:04.905758Z,2025-11-01T04:32:04.905758Z
c8b03190-306c-4120-bb0b-6f2ebfc06ea9,The Weeknd,635a8663,09-05-2025,setlist.fm,State Farm Stadium,63d20e8f,Stadium,69464,Glendale,AZ,United States,Large,A-list,64487,FALSE,92.8,180,$99-$360,11607660,09-05-2025,2025-11-01T04:32:04.905758Z,2025-11-01T04:32:04.905758Z
c8b03190-306c-4120-bb0b-6f2ebfc06ea9,The Weeknd,5347a715,01-04-2025,setlist.fm,Caesars Palace,bd2c9fe,Other,3579,Las Vegas,NV,United States,Major,A-list,3386,FALSE,94.6,119,$65-$238,402934,01-04-2025,2025-11-01T04:32:04.905758Z,2025-11-01T04:32:04.905758Z
c8b03190-306c-4120-bb0b-6f2ebfc06ea9,The Weeknd,35ae5ef,02-02-2025,setlist.fm,Crypto.com Arena,7bd0d2a8,Arena,22583,Los Angeles,CA,United States,Major,A-list,21239,FALSE,94.1,157,$86-$314,3334523,02-02-2025,2025-11-01T04:32:04.905758Z,2025-11-01T04:32:04.905758Z
c8b03190-306c-4120-bb0b-6f2ebfc06ea9,The Weeknd,7b5a8af8,30-01-2025,setlist.fm,Jimmy Kimmel Live,4bd7c3d6,Other,3232,Los Angeles,CA,United States,Major,A-list,2525,FALSE,78.1,115,$63-$230,290375,30-01-2025,2025-11-01T04:32:04.905758Z,2025-11-01T04:32:04.905758Z
c8b03190-306c-4120-bb0b-6f2ebfc06ea9,The Weeknd,2b5f48f6,17-12-2024,setlist.fm,Barker Hangar,33d268b1,Club,924,Santa Monica,CA,United States,Large,A-list,746,FALSE,80.8,105,$57-$210,78330,17-12-2024,2025-11-01T04:32:04.905758Z,2025-11-01T04:32:04.905758Z
c8b03190-306c-4120-bb0b-6f2ebfc06ea9,The Weeknd,235544df,23-10-2024,setlist.fm,Accor Stadium,1bd04570,Stadium,31648,Sydney,NSW,Australia,Large,A-list,25905,FALSE,81.9,197,$108-$394,5103285,23-10-2024,2025-11-01T04:32:04.905758Z,2025-11-01T04:32:04.905758Z
c8b03190-306c-4120-bb0b-6f2ebfc06ea9,The Weeknd,335544d9,22-10-2024,setlist.fm,Accor Stadium,1bd04570,Stadium,67217,Sydney,NSW,Australia,Large,A-list,53585,FALSE,79.7,190,$104-$380,10181150,22-10-2024,2025-11-01T04:32:04.905758Z,2025-11-01T04:32:04.905758Z
c8b03190-306c-4120-bb0b-6f2ebfc06ea9,The Weeknd,335544e5,06-10-2024,setlist.fm,Marvel Stadium,33d2745d,Stadium,59648,Melbourne,VIC,Australia,Large,A-list,52987,FALSE,88.8,224,$123-$448,11869088,06-10-2024,2025-11-01T04:32:04.905758Z,2025-11-01T04:32:04.905758Z
c8b03190-306c-4120-bb0b-6f2ebfc06ea9,The Weeknd,335544ed,05-10-2024,setlist.fm,Marvel Stadium,33d2745d,Stadium,62792,Melbourne,VIC,Australia,Large,A-list,53066,FALSE,84.5,225,$123-$450,11939850,05-10-2024,2025-11-01T04:32:04.905758Z,2025-11-01T04:32:04.905758Z
c8b03190-306c-4120-bb0b-6f2ebfc06ea9,The Weeknd,43528fcb,21-09-2024,setlist.fm,T-Mobile Arena,13d5e579,Arena,10029,Las Vegas,NV,United States,Major,A-list,7825,FALSE,78.0,159,$87-$318,1244175,21-09-2024,2025-11-01T04:32:04.905758Z,2025-11-01T04:32:04.905758Z
c8b03190-306c-4120-bb0b-6f2ebfc06ea9,The Weeknd,3542dc7,07-09-2024,setlist.fm,MorumBIS,13d17139,Other,11576,São Paulo,SP,Brazil,Large,A-list,9983,FALSE,86.2,111,$61-$222,1108113,07-09-2024,2025-11-01T04:32:04.905758Z,2025-11-01T04:32:04.905758Z
c8b03190-306c-4120-bb0b-6f2ebfc06ea9,The Weeknd,53a0c3ed,25-10-2023,setlist.fm,Estadio Akron,43d037df,Other,6738,Zapopan,JAL,Mexico,Large,A-list,5390,FALSE,80.0,124,$68-$248,668360,25-10-2023,2025-11-01T04:32:04.905758Z,2025-11-01T04:32:04.905758Z
c8b03190-306c-4120-bb0b-6f2ebfc06ea9,The Weeknd,ba0e562,22-10-2023,setlist.fm,Estadio San Marcos,6bd602c6,Other,7323,Lima,15,Peru,Large,A-list,6545,FALSE,89.4,111,$61-$222,726495,22-10-2023,2025-11-01T04:32:04.905758Z,2025-11-01T04:32:04.905758Z
c8b03190-306c-4120-bb0b-6f2ebfc06ea9,The Weeknd,1ba08dec,19-10-2023,setlist.fm,Estadio River Plate,7bd62eb4,Other,14183,Buenos Aires,07,Argentina,Large,A-list,11699,FALSE,82.5,108,$59-$216,1263492,19-10-2023,2025-11-01T04:32:04.905758Z,2025-11-01T04:32:04.905758Z
c8b03190-306c-4120-bb0b-6f2ebfc06ea9,The Weeknd,23a0985f,18-10-2023,setlist.fm,Estadio River Plate,7bd62eb4,Other,9130,Buenos Aires,07,Argentina,Large,A-list,8863,FALSE,97.1,111,$61-$222,983793,18-10-2023,2025-11-01T04:32:04.905758Z,2025-11-01T04:32:04.905758Z
c8b03190-306c-4120-bb0b-6f2ebfc06ea9,The Weeknd,3ba0b088,16-10-2023,setlist.fm,Estadio Bicentenario de La Florida,4bd7bfae,Other,14136,Santiago,12,Chile,Large,A-list,13083,FALSE,92.6,118,$64-$236,1543794,16-10-2023,2025-11-01T04:32:04.905758Z,2025-11-01T04:32:04.905758Z
c8b03190-306c-4120-bb0b-6f2ebfc06ea9,The Weeknd,33a0bc8d,15-10-2023,setlist.fm,Estadio Bicentenario de La Florida,4bd7bfae,Other,13674,Santiago,12,Chile,Large,A-list,10785,FALSE,78.9,110,$60-$220,1186350,15-10-2023,2025-11-01T04:32:04.905758Z,2025-11-01T04:32:04.905758Z
c8b03190-306c-4120-bb0b-6f2ebfc06ea9,The Weeknd,5ba36fb0,11-10-2023,setlist.fm,Allianz Parque,6bd41616,Other,5352,São Paulo,SP,Brazil,Large,A-list,4629,FALSE,86.5,104,$57-$208,481416,11-10-2023,2025-11-01T04:32:04.905758Z,2025-11-01T04:32:04.905758Z
c8b03190-306c-4120-bb0b-6f2ebfc06ea9,The Weeknd,3a37507,10-10-2023,setlist.fm,Allianz Parque,6bd41616,Other,5719,São Paulo,SP,Brazil,Large,A-list,4697,FALSE,82.1,125,$68-$250,587125,10-10-2023,2025-11-01T04:32:04.905758Z,2025-11-01T04:32:04.905758Z
c8b03190-306c-4120-bb0b-6f2ebfc06ea9,The Weeknd,73a31e59,07-10-2023,setlist.fm,Estádio Olímpico Nilton Santos,bded1be,Other,8655,Rio de Janeiro,RJ,Brazil,Large,A-list,8003,FALSE,92.5,112,$61-$224,896336,07-10-2023,2025-11-01T04:32:04.905758Z,2025-11-01T04:32:04.905758Z
c8b03190-306c-4120-bb0b-6f2ebfc06ea9,The Weeknd,7ba33e70,04-10-2023,setlist.fm,Estadio El Campín,63d636ff,Other,10155,Bogota,34,Colombia,Large,A-list,8870,FALSE,87.3,108,$59-$216,957960,04-10-2023,2025-11-01T04:32:04.905758Z,2025-11-01T04:32:04.905758Z
c8b03190-306c-4120-bb0b-6f2ebfc06ea9,The Weeknd,1ba3e954,30-09-2023,setlist.fm,Foro Sol,53d63be5,Other,2753,Mexico City,DIF,Mexico,Large,A-list,2588,FALSE,94.0,124,$68-$248,320912,30-09-2023,2025-11-01T04:32:04.905758Z,2025-11-01T04:32:04.905758Z
c8b03190-306c-4120-bb0b-6f2ebfc06ea9,The Weeknd,73a3f6d1,29-09-2023,setlist.fm,Foro Sol,53d63be5,Other,9533,Mexico City,DIF,Mexico,Large,A-list,7586,FALSE,79.6,121,$66-$242,917906,29-09-2023,2025-11-01T04:32:04.905758Z,2025-11-01T04:32:04.905758Z
c8b03190-306c-4120-bb0b-6f2ebfc06ea9,The Weeknd,2ba394de,26-09-2023,setlist.fm,Estadio BBVA,6bdef65e,Other,3460,Guadalupe,NLE,Mexico,Large,A-list,3278,FALSE,94.7,100,$55-$200,327800,26-09-2023,2025-11-01T04:32:04.905758Z,2025-11-01T04:32:04.905758Z
c8b03190-306c-4120-bb0b-6f2ebfc06ea9,The Weeknd,33a5847d,18-08-2023,setlist.fm,Wembley Stadium,2bd6c086,Stadium,34652,London,ENG,United Kingdom,Large,A-list,30655,FALSE,88.5,181,$99-$362,5548555,18-08-2023,2025-11-01T04:32:04.905758Z,2025-11-01T04:32:04.905758Z
c8b03190-306c-4120-bb0b-6f2ebfc06ea9,The Weeknd,7ba44aa4,12-08-2023,setlist.fm,Tallinna Lauluväljak,4bd52322,Other,6474,Tallinn,01,Estonia,Large,A-list,5720,FALSE,88.4,109,$59-$218,623480,12-08-2023,2025-11-01T04:32:04.905758Z,2025-11-01T04:32:04.905758Z
c8b03190-306c-4120-bb0b-6f2ebfc06ea9,The Weeknd,33a468f9,09-08-2023,setlist.fm,PGE Narodowy,63d52a5f,Other,10971,Warsaw,78,Poland,Large,A-list,10329,FALSE,94.1,113,$62-$226,1167177,09-08-2023,2025-11-01T04:32:04.905758Z,2025-11-01T04:32:04.905758Z
c8b03190-306c-4120-bb0b-6f2ebfc06ea9,The Weeknd,5ba403a4,06-08-2023,setlist.fm,Letiště Praha Letňany,53d5abf9,Other,7520,Prague,52,Czechia,Large,A-list,7062,FALSE,93.9,101,$55-$202,713262,06-08-2023,2025-11-01T04:32:04.905758Z,2025-11-01T04:32:04.905758Z
c8b03190-306c-4120-bb0b-6f2ebfc06ea9,The Weeknd,13a41d09,04-08-2023,setlist.fm,Olympiastadion,4bd63716,Other,7388,Munich,02,Germany,Large,A-list,6810,FALSE,92.2,123,$67-$246,837630,04-08-2023,2025-11-01T04:32:04.905758Z,2025-11-01T04:32:04.905758Z
c8b03190-306c-4120-bb0b-6f2ebfc06ea9,The Weeknd,4ba437b6,01-08-2023,setlist.fm,Matmut Atlantique,4bd5433e,Other,9306,Bordeaux,75,France,Large,A-list,8492,FALSE,91.3,104,$57-$208,883168,01-08-2023,2025-11-01T04:32:04.905758Z,2025-11-01T04:32:04.905758Z
c8b03190-306c-4120-bb0b-6f2ebfc06ea9,The Weeknd,7ba4d68c,30-07-2023,setlist.fm,Stade de France,3bd6c4d8,Other,10158,Saint-Denis,11,France,Large,A-list,9754,FALSE,96.0,109,$59-$218,1063186,30-07-2023,2025-11-01T04:32:04.905758Z,2025-11-01T04:32:04.905758Z
c8b03190-306c-4120-bb0b-6f2ebfc06ea9,The Weeknd,5ba4e3b8,29-07-2023,setlist.fm,Stade de France,3bd6c4d8,Other,2375,Saint-Denis,11,France,Large,A-list,1973,FALSE,83.1,105,$57-$210,207165,29-07-2023,2025-11-01T04:32:04.905758Z,2025-11-01T04:32:04.905758Z
c8b03190-306c-4120-bb0b-6f2ebfc06ea9,The Weeknd,6ba4fa8a,27-07-2023,setlist.fm,Ippodromo Snai La Maura,5bd023c0,Other,6923,Milan,09,Italy,Large,A-list,6015,FALSE,86.9,112,$61-$224,673680,27-07-2023,2025-11-01T04:32:04.905758Z,2025-11-01T04:32:04.905758Z
c8b03190-306c-4120-bb0b-6f2ebfc06ea9,The Weeknd,5ba4835c,26-07-2023,setlist.fm,Ippodromo Snai La Maura,5bd023c0,Other,4284,Milan,09,Italy,Large,A-list,3575,FALSE,83.5,114,$62-$228,407550,26-07-2023,2025-11-01T04:32:04.905758Z,2025-11-01T04:32:04.905758Z
c8b03190-306c-4120-bb0b-6f2ebfc06ea9,The Weeknd,43a4a3d3,23-07-2023,setlist.fm,Allianz Riviera,1bd2294c,Other,13784,Nice,93,France,Large,A-list,11154,FALSE,80.9,121,$66-$242,1349634,23-07-2023,2025-11-01T04:32:04.905758Z,2025-11-01T04:32:04.905758Z
c8b03190-306c-4120-bb0b-6f2ebfc06ea9,The Weeknd,2ba4ac6e,22-07-2023,setlist.fm,Allianz Riviera,1bd2294c,Other,3154,Nice,93,France,Large,A-list,2959,FALSE,93.8,119,$65-$238,352121,22-07-2023,2025-11-01T04:32:04.905758Z,2025-11-01T04:32:04.905758Z
c8b03190-306c-4120-bb0b-6f2ebfc06ea9,The Weeknd,23a740cf,20-07-2023,setlist.fm,Estadi Olímpic Lluís Companys,5bd4b3cc,Other,3518,Barcelona,56,Spain,Large,A-list,2974,FALSE,84.6,121,$66-$242,359854,20-07-2023,2025-11-01T04:32:04.905758Z,2025-11-01T04:32:04.905758Z
c8b03190-306c-4120-bb0b-6f2ebfc06ea9,The Weeknd,3ba75840,18-07-2023,setlist.fm,Estadio Metropolitano,73d04631,Other,4205,Madrid,29,Spain,Large,A-list,3705,FALSE,88.1,113,$62-$226,418665,18-07-2023,2025-11-01T04:32:04.905758Z,2025-11-01T04:32:04.905758Z
c8b03190-306c-4120-bb0b-6f2ebfc06ea9,The Weeknd,6ba70a0a,14-07-2023,setlist.fm,Deutsche Bank Park,3d021bb,Other,2758,Frankfurt,05,Germany,Large,A-list,2233,FALSE,81.0,108,$59-$216,241164,14-07-2023,2025-11-01T04:32:04.905758Z,2025-11-01T04:32:04.905758Z
c8b03190-306c-4120-bb0b-6f2ebfc06ea9,The Weeknd,73a71e99,12-07-2023,setlist.fm,Koning Boudewijnstadium / Stade Roi Baudouin,33d234a5,Stadium,34512,Laken / Laeken,BE-BRU,Belgium,Large,A-list,32481,FALSE,94.1,191,$105-$382,6203871,12-07-2023,2025-11-01T04:32:04.905758Z,2025-11-01T04:32:04.905758Z
c8b03190-306c-4120-bb0b-6f2ebfc06ea9,The Weeknd,2ba7245e,11-07-2023,setlist.fm,Koning Boudewijnstadium / Stade Roi Baudouin,33d234a5,Stadium,41657,Laken / Laeken,BE-BRU,Belgium,Large,A-list,39241,FALSE,94.2,215,$118-$430,8436815,11-07-2023,2025-11-01T04:32:04.905758Z,2025-11-01T04:32:04.905758Z
c8b03190-306c-4120-bb0b-6f2ebfc06ea9,The Weeknd,4ba7cb86,08-07-2023,setlist.fm,London Stadium,7bd576d0,Stadium,63420,London,ENG,United Kingdom,Large,A-list,53202,FALSE,83.9,205,$112-$410,10906410,08-07-2023,2025-11-01T04:32:04.905758Z,2025-11-01T04:32:04.905758Z
c8b03190-306c-4120-bb0b-6f2ebfc06ea9,The Weeknd,4ba7d79e,07-07-2023,setlist.fm,London Stadium,7bd576d0,Stadium,37906,London,ENG,United Kingdom,Large,A-list,36143,FALSE,95.3,209,$114-$418,7553887,07-07-2023,2025-11-01T04:32:04.905758Z,2025-11-01T04:32:04.905758Z
c8b03190-306c-4120-bb0b-6f2ebfc06ea9,The Weeknd,13a7f109,04-07-2023,setlist.fm,Merkur Spiel-Arena,63d202b7,Arena,13462,Düsseldorf,07,Germany,Large,A-list,11488,FALSE,85.3,139,$76-$278,1596832,04-07-2023,2025-11-01T04:32:04.905758Z,2025-11-01T04:32:04.905758Z
c8b03190-306c-4120-bb0b-6f2ebfc06ea9,The Weeknd,73a78645,02-07-2023,setlist.fm,Volksparkstadion,7bd47ad4,Other,1186,Hamburg,04,Germany,Large,A-list,1043,FALSE,88.0,101,$55-$202,105343,02-07-2023,2025-11-01T04:32:04.905758Z,2025-11-01T04:32:04.905758Z
c8b03190-306c-4120-bb0b-6f2ebfc06ea9,The Weeknd,ba7b17a,28-06-2023,setlist.fm,Marlay Park,2bd63892,Other,7541,Dublin,07,Ireland,Large,A-list,6736,FALSE,89.3,103,$56-$206,693808,28-06-2023,2025-11-01T04:32:04.905758Z,2025-11-01T04:32:04.905758Z
c8b03190-306c-4120-bb0b-6f2ebfc06ea9,The Weeknd,63a6625f,24-06-2023,setlist.fm,Johan Cruijff ArenA,33d3c49d,Arena,13034,Amsterdam,07,Netherlands,Large,A-list,12570,FALSE,96.4,170,$93-$340,2136900,24-06-2023,2025-11-01T04:32:04.905758Z,2025-11-01T04:32:04.905758Z
c8b03190-306c-4120-bb0b-6f2ebfc06ea9,The Weeknd,23a66c67,23-06-2023,setlist.fm,Johan Cruijff ArenA,33d3c49d,Arena,17780,Amsterdam,07,Netherlands,Large,A-list,17188,FALSE,96.7,135,$74-$270,2320380,23-06-2023,2025-11-01T04:32:04.905758Z,2025-11-01T04:32:04.905758Z
c8b03190-306c-4120-bb0b-6f2ebfc06ea9,The Weeknd,53a60bb5,20-06-2023,setlist.fm,Telenor Arena,6bd79202,Arena,15534,Fornebu,01,Norway,Large,A-list,12911,FALSE,83.1,145,$79-$290,1872095,20-06-2023,2025-11-01T04:32:04.905758Z,2025-11-01T04:32:04.905758Z
c8b03190-306c-4120-bb0b-6f2ebfc06ea9,The Weeknd,43a6231b,18-06-2023,setlist.fm,Tele2 Arena,3bd49cf8,Arena,9119,Stockholm,26,Sweden,Large,A-list,8164,FALSE,89.5,144,$79-$288,1175616,18-06-2023,2025-11-01T04:32:04.905758Z,2025-11-01T04:32:04.905758Z
c8b03190-306c-4120-bb0b-6f2ebfc06ea9,The Weeknd,2ba62c96,17-06-2023,setlist.fm,Tele2 Arena,3bd49cf8,Arena,9173,Stockholm,26,Sweden,Large,A-list,7163,FALSE,78.1,169,$92-$338,1210547,17-06-2023,2025-11-01T04:32:04.905758Z,2025-11-01T04:32:04.905758Z
c8b03190-306c-4120-bb0b-6f2ebfc06ea9,The Weeknd,1ba6c550,14-06-2023,setlist.fm,CASA Arena Horsens,33d018f9,Arena,8015,Horsens,18,Denmark,Large,A-list,6271,FALSE,78.3,157,$86-$314,984547,14-06-2023,2025-11-01T04:32:04.905758Z,2025-11-01T04:32:04.905758Z
c8b03190-306c-4120-bb0b-6f2ebfc06ea9,The Weeknd,2ba6ecca,10-06-2023,setlist.fm,Etihad Stadium,43d71f37,Stadium,47177,Manchester,ENG,United Kingdom,Large,A-list,44425,FALSE,94.2,226,$124-$452,10040050,10-06-2023,2025-11-01T04:32:04.905758Z,2025-11-01T04:32:04.905758Z
c8b03190-306c-4120-bb0b-6f2ebfc06ea9,The Weeknd,63a69e33,06-06-2023,setlist.fm,Passeio Marítimo de Algés,3bd62c48,Other,11111,Oeiras,14,Portugal,Large,A-list,8747,FALSE,78.7,100,$55-$200,874700,06-06-2023,2025-11-01T04:32:04.905758Z,2025-11-01T04:32:04.905758Z
c8b03190-306c-4120-bb0b-6f2ebfc06ea9,The Weeknd,7bbfc660,27-11-2022,setlist.fm,SoFi Stadium,13d0b545,Stadium,82725,Inglewood,CA,United States,Large,A-list,78291,FALSE,94.6,215,$118-$430,16832565,27-11-2022,2025-11-01T04:32:04.905758Z,2025-11-01T04:32:04.905758Z
c8b03190-306c-4120-bb0b-6f2ebfc06ea9,The Weeknd,5bbfcf0c,26-11-2022,setlist.fm,SoFi Stadium,13d0b545,Stadium,89303,Inglewood,CA,United States,Large,A-list,80907,FALSE,90.6,208,$114-$416,16828656,26-11-2022,2025-11-01T04:32:04.905758Z,2025-11-01T04:32:04.905758Z
c8b03190-306c-4120-bb0b-6f2ebfc06ea9,The Weeknd,5bb063a4,23-09-2022,setlist.fm,Rogers Centre,3d639cb,Other,8492,Toronto,ON,Canada,Large,A-list,7296,FALSE,85.9,126,$69-$252,919296,23-09-2022,2025-11-01T04:32:04.905758Z,2025-11-01T04:32:04.905758Z
c8b03190-306c-4120-bb0b-6f2ebfc06ea9,The Weeknd,5bb06f64,22-09-2022,setlist.fm,Rogers Centre,3d639cb,Other,9303,Toronto,ON,Canada,Large,A-list,8489,FALSE,91.3,110,$60-$220,933790,22-09-2022,2025-11-01T04:32:04.905758Z,2025-11-01T04:32:04.905758Z
c8b03190-306c-4120-bb0b-6f2ebfc06ea9,The Weeknd,2bb0a4ba,03-09-2022,setlist.fm,SoFi Stadium,13d0b545,Stadium,69467,Inglewood,CA,United States,Large,A-list,55020,FALSE,79.2,198,$108-$396,10893960,03-09-2022,2025-11-01T04:32:04.905758Z,2025-11-01T04:32:04.905758Z
c8b03190-306c-4120-bb0b-6f2ebfc06ea9,The Weeknd,13b0ad6d,02-09-2022,setlist.fm,SoFi Stadium,13d0b545,Stadium,73192,Inglewood,CA,United States,Large,A-list,58926,FALSE,80.5,210,$115-$420,12374460,02-09-2022,2025-11-01T04:32:04.905758Z,2025-11-01T04:32:04.905758Z
c8b03190-306c-4120-bb0b-6f2ebfc06ea9,The Weeknd,23b3481b,30-08-2022,setlist.fm,State Farm Stadium,63d20e8f,Stadium,37230,Glendale,AZ,United States,Large,A-list,36066,FALSE,96.9,183,$100-$366,6600078,30-08-2022,2025-11-01T04:32:04.905758Z,2025-11-01T04:32:04.905758Z
c8b03190-306c-4120-bb0b-6f2ebfc06ea9,The Weeknd,6bb36e76,27-08-2022,setlist.fm,Levi's Stadium,63d4564f,Stadium,34585,Santa Clara,CA,United States,Large,A-list,28820,FALSE,83.3,206,$113-$412,5936920,27-08-2022,2025-11-01T04:32:04.905758Z,2025-11-01T04:32:04.905758Z
c8b03190-306c-4120-bb0b-6f2ebfc06ea9,The Weeknd,2bb30012,25-08-2022,setlist.fm,Lumen Field,5bd0d35c,Stadium,42785,Seattle,WA,United States,Major,A-list,38443,FALSE,89.9,228,$125-$456,8765004,25-08-2022,2025-11-01T04:32:04.905758Z,2025-11-01T04:32:04.905758Z
c8b03190-306c-4120-bb0b-6f2ebfc06ea9,The Weeknd,13b31585,23-08-2022,setlist.fm,BC Place Stadium,63d62247,Stadium,69173,Vancouver,BC,Canada,Large,A-list,57656,FALSE,83.4,185,$101-$370,10666360,23-08-2022,2025-11-01T04:32:04.905758Z,2025-11-01T04:32:04.905758Z
c8b03190-306c-4120-bb0b-6f2ebfc06ea9,The Weeknd,33b33451,20-08-2022,setlist.fm,Allegiant Stadium,6bd08e7e,Stadium,32563,Las Vegas,NV,United States,Major,A-list,30241,FALSE,92.9,206,$113-$412,6229646,20-08-2022,2025-11-01T04:32:04.905758Z,2025-11-01T04:32:04.905758Z
c8b03190-306c-4120-bb0b-6f2ebfc06ea9,The Weeknd,43b3cb0b,18-08-2022,setlist.fm,Empower Field at Mile High,63d30e6b,Stadium,32412,Denver,CO,United States,Major,A-list,28302,FALSE,87.3,193,$106-$386,5462286,18-08-2022,2025-11-01T04:32:04.905758Z,2025-11-01T04:32:04.905758Z
c8b03190-306c-4120-bb0b-6f2ebfc06ea9,The Weeknd,63b3f6ab,14-08-2022,setlist.fm,AT&T Stadium,6bd43202,Stadium,46814,Arlington,TX,United States,Large,A-list,40239,FALSE,86.0,208,$114-$416,8369712,14-08-2022,2025-11-01T04:32:04.905758Z,2025-11-01T04:32:04.905758Z
c8b03190-306c-4120-bb0b-6f2ebfc06ea9,The Weeknd,73b396d1,11-08-2022,setlist.fm,Mercedes-Benz Stadium,6bd28eea,Stadium,84779,Atlanta,GA,United States,Major,A-list,66326,FALSE,78.2,212,$116-$424,14061112,11-08-2022,2025-11-01T04:32:04.905758Z,2025-11-01T04:32:04.905758Z
c8b03190-306c-4120-bb0b-6f2ebfc06ea9,The Weeknd,53b24fc5,06-08-2022,setlist.fm,Hard Rock Stadium,4bd57bba,Stadium,83312,Miami Gardens,FL,United States,Large,A-list,74502,FALSE,89.4,224,$123-$448,16688448,06-08-2022,2025-11-01T04:32:04.905758Z,2025-11-01T04:32:04.905758Z
c8b03190-306c-4120-bb0b-6f2ebfc06ea9,The Weeknd,2bb26006,04-08-2022,setlist.fm,Raymond James Stadium,73d616a5,Stadium,57655,Tampa,FL,United States,Large,A-list,52861,FALSE,91.7,226,$124-$452,11946586,04-08-2022,2025-11-01T04:32:04.905758Z,2025-11-01T04:32:04.905758Z
c8b03190-306c-4120-bb0b-6f2ebfc06ea9,The Weeknd,3bb218e8,30-07-2022,setlist.fm,FedExField,2bd224fe,Stadium,40522,Landover,MD,United States,Large,A-list,38069,FALSE,93.9,192,$105-$384,7309248,30-07-2022,2025-11-01T04:32:04.905758Z,2025-11-01T04:32:04.905758Z
c8b03190-306c-4120-bb0b-6f2ebfc06ea9,The Weeknd,63b23ed7,27-07-2022,setlist.fm,Ford Field,bd6398a,Stadium,68865,Detroit,MI,United States,Major,A-list,55343,FALSE,80.4,198,$108-$396,10957914,27-07-2022,2025-11-01T04:32:04.905758Z,2025-11-01T04:32:04.905758Z
c8b03190-306c-4120-bb0b-6f2ebfc06ea9,The Weeknd,2bb2d42a,24-07-2022,setlist.fm,Soldier Field,4bd637ce,Stadium,57551,Chicago,IL,United States,Major,A-list,47097,FALSE,81.8,205,$112-$410,9654885,24-07-2022,2025-11-01T04:32:04.905758Z,2025-11-01T04:32:04.905758Z
c8b03190-306c-4120-bb0b-6f2ebfc06ea9,The Weeknd,3b2f5ab,21-07-2022,setlist.fm,Gillette Stadium,13d6d59d,Stadium,44501,Foxborough,MA,United States,Large,A-list,37161,FALSE,83.5,229,$125-$458,8509869,21-07-2022,2025-11-01T04:32:04.905758Z,2025-11-01T04:32:04.905758Z
c8b03190-306c-4120-bb0b-6f2ebfc06ea9,The Weeknd,23b2b0a7,16-07-2022,setlist.fm,MetLife Stadium,1bd72160,Stadium,82591,East Rutherford,NJ,United States,Large,A-list,69338,FALSE,84.0,227,$124-$454,15739726,16-07-2022,2025-11-01T04:32:04.905758Z,2025-11-01T04:32:04.905758Z
c8b03190-306c-4120-bb0b-6f2ebfc06ea9,The Weeknd,33b5443d,14-07-2022,setlist.fm,Lincoln Financial Field,7bd61e04,Stadium,44651,Philadelphia,PA,United States,Major,A-list,37970,FALSE,85.0,224,$123-$448,8505280,14-07-2022,2025-11-01T04:32:04.905758Z,2025-11-01T04:32:04.905758Z
c8b03190-306c-4120-bb0b-6f2ebfc06ea9,The Weeknd,4bb60b46,24-04-2022,setlist.fm,Empire Polo Club,13d39d15,Club,947,Indio,CA,United States,Large,A-list,900,FALSE,95.1,109,$59-$218,98100,24-04-2022,2025-11-01T04:32:04.905758Z,2025-11-01T04:32:04.905758Z
c8b03190-306c-4120-bb0b-6f2ebfc06ea9,The Weeknd,5bb6c730,17-04-2022,setlist.fm,Empire Polo Club,13d39d15,Club,321,Indio,CA,United States,Large,A-list,303,FALSE,94.5,98,$53-$196,29694,17-04-2022,2025-11-01T04:32:04.905758Z,2025-11-01T04:32:04.905758Z
c8b03190-306c-4120-bb0b-6f2ebfc06ea9,The Weeknd,33b36821,26-02-2022,setlist.fm,Private Venue,33d02ce5,Other,12247,Los Angeles,CA,United States,Major,A-list,10607,FALSE,86.6,106,$58-$212,1124342,26-02-2022,2025-11-01T04:32:04.905758Z,2025-11-01T04:32:04.905758Z
c8b03190-306c-4120-bb0b-6f2ebfc06ea9,The Weeknd,63b082df,07-01-2022,setlist.fm,Private Venue,33d02ce5,Other,10782,Los Angeles,CA,United States,Major,A-list,8634,FALSE,80.1,117,$64-$234,1010178,07-01-2022,2025-11-01T04:32:04.905758Z,2025-11-01T04:32:04.905758Z
c8b03190-306c-4120-bb0b-6f2ebfc06ea9,The Weeknd,5b8fc3d8,27-05-2021,setlist.fm,Dolby Theatre,23d5a8f7,Theater,2609,Los Angeles,CA,United States,Major,A-list,2474,FALSE,94.8,124,$68-$248,306776,27-05-2021,2025-11-01T04:32:04.905758Z,2025-11-01T04:32:04.905758Z
c8b03190-306c-4120-bb0b-6f2ebfc06ea9,The Weeknd,638ed283,23-05-2021,setlist.fm,Santa Anita Park,23d7144f,Other,5636,Arcadia,CA,United States,Large,A-list,5152,FALSE,91.4,120,$66-$240,618240,23-05-2021,2025-11-01T04:32:04.905758Z,2025-11-01T04:32:04.905758Z
c8b03190-306c-4120-bb0b-6f2ebfc06ea9,The Weeknd,438eff27,11-05-2021,setlist.fm,Private Venue,33d27cf9,Other,4300,Unknown City,,United States,Large,A-list,3408,FALSE,79.3,99,$54-$198,337392,11-05-2021,2025-11-01T04:32:04.905758Z,2025-11-01T04:32:04.905758Z
c8b03190-306c-4120-bb0b-6f2ebfc06ea9,The Weeknd,2380b0af,07-02-2021,setlist.fm,Raymond James Stadium,73d616a5,Stadium,37509,Tampa,FL,United States,Large,A-list,33607,FALSE,89.6,210,$115-$420,7057470,07-02-2021,2025-11-01T04:32:04.905758Z,2025-11-01T04:32:04.905758Z
c8b03190-306c-4120-bb0b-6f2ebfc06ea9,The Weeknd,53824721,10-12-2020,setlist.fm,Private Venue,33d27cf9,Other,1788,Unknown City,,United States,Large,A-list,1635,FALSE,91.5,116,$63-$232,189660,10-12-2020,2025-11-01T04:32:04.905758Z,2025-11-01T04:32:04.905758Z
c8b03190-306c-4120-bb0b-6f2ebfc06ea9,The Weeknd,53827f95,25-11-2020,setlist.fm,Private Venue,33d27cf9,Other,2024,Unknown City,,United States,Large,A-list,1899,FALSE,93.9,116,$63-$232,220284,25-11-2020,2025-11-01T04:32:04.905758Z,2025-11-01T04:32:04.905758Z
c8b03190-306c-4120-bb0b-6f2ebfc06ea9,The Weeknd,6b82029a,24-11-2020,setlist.fm,Private Venue,33d27cf9,Other,7236,Unknown City,,United States,Large,A-list,6413,FALSE,88.6,113,$62-$226,724669,24-11-2020,2025-11-01T04:32:04.905758Z,2025-11-01T04:32:04.905758Z
c8b03190-306c-4120-bb0b-6f2ebfc06ea9,The Weeknd,7b8202a4,23-11-2020,setlist.fm,Private Venue,33d27cf9,Other,4639,Unknown City,,United States,Large,A-list,4167,FALSE,89.8,115,$63-$230,479205,23-11-2020,2025-11-01T04:32:04.905758Z,2025-11-01T04:32:04.905758Z
c8b03190-306c-4120-bb0b-6f2ebfc06ea9,The Weeknd,6b820e12,22-11-2020,setlist.fm,Microsoft Theater,1bd5b144,Theater,3810,Los Angeles,CA,United States,Major,A-list,3382,FALSE,88.8,133,$73-$266,449806,22-11-2020,2025-11-01T04:32:04.905758Z,2025-11-01T04:32:04.905758Z
c8b03190-306c-4120-bb0b-6f2ebfc06ea9,The Weeknd,238510ef,22-09-2020,setlist.fm,Private Venue,33d27cf9,Other,10709,Unknown City,,United States,Large,A-list,9103,FALSE,85.0,111,$61-$222,1010433,22-09-2020,2025-11-01T04:32:04.905758Z,2025-11-01T04:32:04.905758Z
c8b03190-306c-4120-bb0b-6f2ebfc06ea9,The Weeknd,1b858934,30-08-2020,setlist.fm,Private Venue,13d0bde1,Other,4164,New York,NY,United States,Major,A-list,3844,FALSE,92.3,125,$68-$250,480500,30-08-2020,2025-11-01T04:32:04.905758Z,2025-11-01T04:32:04.905758Z
c8b03190-306c-4120-bb0b-6f2ebfc06ea9,The Weeknd,63846a63,07-08-2020,setlist.fm,Private Venue,33d27cf9,Other,6454,Unknown City,,United States,Large,A-list,5820,FALSE,90.2,109,$59-$218,634380,07-08-2020,2025-11-01T04:32:04.905758Z,2025-11-01T04:32:04.905758Z
c8b03190-306c-4120-bb0b-6f2ebfc06ea9,The Weeknd,53524ba5,07-03-2020,setlist.fm,Saturday Night Live,bd6c9f6,Other,1980,New York,NY,United States,Major,A-list,1643,FALSE,83.0,100,$55-$200,164300,07-03-2020,2025-11-01T04:32:04.905758Z,2025-11-01T04:32:04.905758Z
c8b03190-306c-4120-bb0b-6f2ebfc06ea9,The Weeknd,399f93f,07-03-2020,setlist.fm,Saturday Night Live,bd6c9f6,Other,1537,New York,NY,United States,Major,A-list,1385,FALSE,90.1,108,$59-$216,149580,07-03-2020,2025-11-01T04:32:04.905758Z,2025-11-01T04:32:04.905758Z
c8b03190-306c-4120-bb0b-6f2ebfc06ea9,The Weeknd,2398b87b,22-01-2020,setlist.fm,Jimmy Kimmel Live,4bd7c3d6,Other,9295,Los Angeles,CA,United States,Major,A-list,8403,FALSE,90.4,107,$58-$214,899121,22-01-2020,2025-11-01T04:32:04.905758Z,2025-11-01T04:32:04.905758Z
c8b03190-306c-4120-bb0b-6f2ebfc06ea9,The Weeknd,239a70cf,06-12-2019,setlist.fm,Late Show With Stephen Colbert,63d592a3,Other,13766,New York,NY,United States,Major,A-list,12660,FALSE,92.0,124,$68-$248,1569840,06-12-2019,2025-11-01T04:32:04.905758Z,2025-11-01T04:32:04.905758Z
c8b03190-306c-4120-bb0b-6f2ebfc06ea9,The Weeknd,5b9a7bc0,05-12-2019,setlist.fm,Late Show With Stephen Colbert,63d592a3,Other,6713,New York,NY,United States,Major,A-list,5334,FALSE,79.5,100,$55-$200,533400,05-12-2019,2025-11-01T04:32:04.905758Z,2025-11-01T04:32:04.905758Z
c8b03190-306c-4120-bb0b-6f2ebfc06ea9,The Weeknd,6394f213,18-12-2018,setlist.fm,Makuhari Messe Kokusai Tenjijou Hall 9-10-11,bd1d1b6,Theater,3049,Chiba,04,Japan,Large,A-list,2766,FALSE,90.7,108,$59-$216,298728,18-12-2018,2025-11-01T04:32:04.905758Z,2025-11-01T04:32:04.905758Z
c8b03190-306c-4120-bb0b-6f2ebfc06ea9,The Weeknd,5394871d,15-12-2018,setlist.fm,Gocheok Sky Dome,23d50c1b,Stadium,55544,Seoul,11,South Korea,Large,A-list,53893,FALSE,97.0,220,$121-$440,11856460,15-12-2018,2025-11-01T04:32:04.905758Z,2025-11-01T04:32:04.905758Z
c8b03190-306c-4120-bb0b-6f2ebfc06ea9,The Weeknd,4b94afda,09-12-2018,setlist.fm,GWK Cultural Park,bd2f992,Other,6929,Bali,02,Indonesia,Large,A-list,5707,FALSE,82.4,109,$59-$218,622063,09-12-2018,2025-11-01T04:32:04.905758Z,2025-11-01T04:32:04.905758Z
c8b03190-306c-4120-bb0b-6f2ebfc06ea9,The Weeknd,53921bc9,05-12-2018,setlist.fm,Singapore Indoor Stadium,73d62205,Stadium,69887,Singapore,01,Singapore,Large,A-list,58541,FALSE,83.8,181,$99-$362,10595921,05-12-2018,2025-11-01T04:32:04.905758Z,2025-11-01T04:32:04.905758Z
c8b03190-306c-4120-bb0b-6f2ebfc06ea9,The Weeknd,3b9764c8,02-12-2018,setlist.fm,"IMPACT Arena, Muang Thong Thani",bd3157a,Arena,9285,Bangkok,40,Thailand,Large,A-list,8291,FALSE,89.3,165,$90-$330,1368015,02-12-2018,2025-11-01T04:32:04.905758Z,2025-11-01T04:32:04.905758Z
c8b03190-306c-4120-bb0b-6f2ebfc06ea9,The Weeknd,33977825,30-11-2018,setlist.fm,AsiaWorld-Arena,1bd245bc,Arena,11145,Islands District,00,Hong Kong SAR China,Large,A-list,9092,FALSE,81.6,145,$79-$290,1318340,30-11-2018,2025-11-01T04:32:04.905758Z,2025-11-01T04:32:04.905758Z
c8b03190-306c-4120-bb0b-6f2ebfc06ea9,The Weeknd,13972d6d,23-11-2018,setlist.fm,du Arena,13d379bd,Arena,13672,Abu Dhabi,01,United Arab Emirates,Large,A-list,11825,FALSE,86.5,169,$92-$338,1998425,23-11-2018,2025-11-01T04:32:04.905758Z,2025-11-01T04:32:04.905758Z
c8b03190-306c-4120-bb0b-6f2ebfc06ea9,The Weeknd,1b964164,06-11-2018,setlist.fm,REBEL,2bd514e6,Other,12025,Toronto,ON,Canada,Large,A-list,11453,FALSE,95.3,99,$54-$198,1133847,06-11-2018,2025-11-01T04:32:04.905758Z,2025-11-01T04:32:04.905758Z
c8b03190-306c-4120-bb0b-6f2ebfc06ea9,The Weeknd,4396d73f,23-10-2018,setlist.fm,Palacio de los Deportes,bd635a6,Other,4044,Mexico City,DIF,Mexico,Large,A-list,3934,FALSE,97.3,100,$55-$200,393400,23-10-2018,2025-11-01T04:32:04.905758Z,2025-11-01T04:32:04.905758Z
c8b03190-306c-4120-bb0b-6f2ebfc06ea9,The Weeknd,5396d745,22-10-2018,setlist.fm,Palacio de los Deportes,bd635a6,Other,2761,Mexico City,DIF,Mexico,Large,A-list,2629,FALSE,95.3,112,$61-$224,294448,22-10-2018,2025-11-01T04:32:04.905758Z,2025-11-01T04:32:04.905758Z
c8b03190-306c-4120-bb0b-6f2ebfc06ea9,The Weeknd,4b96e716,20-10-2018,setlist.fm,Parque Fundidora,3d63913,Other,11331,Monterrey,NLE,Mexico,Large,A-list,11102,FALSE,98.0,115,$63-$230,1276730,20-10-2018,2025-11-01T04:32:04.905758Z,2025-11-01T04:32:04.905758Z
c8b03190-306c-4120-bb0b-6f2ebfc06ea9,The Weeknd,3be924e8,29-09-2018,setlist.fm,Great Lawn in Central Park,4bd4bb06,Other,6341,New York,NY,United States,Major,A-list,5332,FALSE,84.1,103,$56-$206,549196,29-09-2018,2025-11-01T04:32:04.905758Z,2025-11-01T04:32:04.905758Z
c8b03190-306c-4120-bb0b-6f2ebfc06ea9,The Weeknd,4be9e34a,21-09-2018,setlist.fm,Downtown Las Vegas Fremont Street,6bd4b266,Other,2850,Las Vegas,NV,United States,Major,A-list,2665,FALSE,93.5,119,$65-$238,317135,21-09-2018,2025-11-01T04:32:04.905758Z,2025-11-01T04:32:04.905758Z
c8b03190-306c-4120-bb0b-6f2ebfc06ea9,The Weeknd,7be84690,08-09-2018,setlist.fm,Olympiapark,4bd21336,Other,11728,Berlin,16,Germany,Large,A-list,9602,FALSE,81.9,122,$67-$244,1171444,08-09-2018,2025-11-01T04:32:04.905758Z,2025-11-01T04:32:04.905758Z
c8b03190-306c-4120-bb0b-6f2ebfc06ea9,The Weeknd,4be8bf1e,10-08-2018,setlist.fm,Golden Gate Park,3d6cdeb,Other,9688,San Francisco,CA,United States,Major,A-list,8619,FALSE,89.0,100,$55-$200,861900,10-08-2018,2025-11-01T04:32:04.905758Z,2025-11-01T04:32:04.905758Z
c8b03190-306c-4120-bb0b-6f2ebfc06ea9,The Weeknd,4beb6fc6,04-08-2018,setlist.fm,Grant Park,53d6cfdd,Other,14085,Chicago,IL,United States,Major,A-list,11281,FALSE,80.1,116,$63-$232,1308596,04-08-2018,2025-11-01T04:32:04.905758Z,2025-11-01T04:32:04.905758Z
c8b03190-306c-4120-bb0b-6f2ebfc06ea9,The Weeknd,7bea4670,07-07-2018,setlist.fm,American Family Insurance Amphitheater,23d54067,Theater,2375,Milwaukee,WI,United States,Major,A-list,2012,FALSE,84.7,116,$63-$232,233392,07-07-2018,2025-11-01T04:32:04.905758Z,2025-11-01T04:32:04.905758Z
c8b03190-306c-4120-bb0b-6f2ebfc06ea9,The Weeknd,33ea5861,05-07-2018,setlist.fm,Plaines d'Abraham,63d5662b,Other,6560,Quebec City,QC,Canada,Large,A-list,6319,FALSE,96.3,121,$66-$242,764599,05-07-2018,2025-11-01T04:32:04.905758Z,2025-11-01T04:32:04.905758Z
c8b03190-306c-4120-bb0b-6f2ebfc06ea9,The Weeknd,7bea169c,29-06-2018,setlist.fm,OLM Souissi,43d24f5b,Other,1681,Rabat,49,Morocco,Large,A-list,1624,FALSE,96.6,126,$69-$252,204624,29-06-2018,2025-11-01T04:32:04.905758Z,2025-11-01T04:32:04.905758Z
c8b03190-306c-4120-bb0b-6f2ebfc06ea9,The Weeknd,7becce88,20-04-2018,setlist.fm,Empire Polo Club,13d39d15,Club,671,Indio,CA,United States,Large,A-list,643,FALSE,95.9,91,$50-$182,58513,20-04-2018,2025-11-01T04:32:04.905758Z,2025-11-01T04:32:04.905758Z
c8b03190-306c-4120-bb0b-6f2ebfc06ea9,The Weeknd,3ec81f3,13-04-2018,setlist.fm,Empire Polo Club,13d39d15,Club,678,Indio,CA,United States,Large,A-list,601,FALSE,88.8,106,$58-$212,63706,13-04-2018,2025-11-01T04:32:04.905758Z,2025-11-01T04:32:04.905758Z
c8b03190-306c-4120-bb0b-6f2ebfc06ea9,The Weeknd,6be1b2e6,14-12-2017,setlist.fm,Perth Arena,73d76aa5,Arena,11457,Perth,WA,Australia,Large,A-list,10646,FALSE,92.9,141,$77-$282,1501086,14-12-2017,2025-11-01T04:32:04.905758Z,2025-11-01T04:32:04.905758Z
c8b03190-306c-4120-bb0b-6f2ebfc06ea9,The Weeknd,1be045a8,11-12-2017,setlist.fm,Adelaide Entertainment Centre,1bd62500,Other,11276,Adelaide,SA,Australia,Large,A-list,10721,FALSE,95.1,114,$62-$228,1222194,11-12-2017,2025-11-01T04:32:04.905758Z,2025-11-01T04:32:04.905758Z
c8b03190-306c-4120-bb0b-6f2ebfc06ea9,The Weeknd,53e05715,09-12-2017,setlist.fm,Rod Laver Arena,bd6cdfe,Arena,14034,Melbourne,VIC,Australia,Large,A-list,11640,FALSE,82.9,164,$90-$328,1908960,09-12-2017,2025-11-01T04:32:04.905758Z,2025-11-01T04:32:04.905758Z
c8b03190-306c-4120-bb0b-6f2ebfc06ea9,The Weeknd,43e05717,08-12-2017,setlist.fm,Rod Laver Arena,bd6cdfe,Arena,12815,Melbourne,VIC,Australia,Large,A-list,11138,FALSE,86.9,147,$80-$294,1637286,08-12-2017,2025-11-01T04:32:04.905758Z,2025-11-01T04:32:04.905758Z
c8b03190-306c-4120-bb0b-6f2ebfc06ea9,The Weeknd,13e069c5,06-12-2017,setlist.fm,Brisbane Entertainment Centre,5bd61fe4,Other,10923,Brisbane,QLD,Australia,Large,A-list,9571,FALSE,87.6,105,$57-$210,1004955,06-12-2017,2025-11-01T04:32:04.905758Z,2025-11-01T04:32:04.905758Z
c8b03190-306c-4120-bb0b-6f2ebfc06ea9,The Weeknd,63e006e7,03-12-2017,setlist.fm,Qudos Bank Arena,13d5c951,Arena,19581,Sydney,NSW,Australia,Large,A-list,18835,FALSE,96.2,160,$88-$320,3013600,03-12-2017,2025-11-01T04:32:04.905758Z,2025-11-01T04:32:04.905758Z
c8b03190-306c-4120-bb0b-6f2ebfc06ea9,The Weeknd,4be00716,02-12-2017,setlist.fm,Qudos Bank Arena,13d5c951,Arena,8176,Sydney,NSW,Australia,Large,A-list,6588,FALSE,80.6,147,$80-$294,968436,02-12-2017,2025-11-01T04:32:04.905758Z,2025-11-01T04:32:04.905758Z
c8b03190-306c-4120-bb0b-6f2ebfc06ea9,The Weeknd,be015da,29-11-2017,setlist.fm,Spark Arena,6bd55ad6,Arena,11204,Auckland,E7,New Zealand,Large,A-list,10615,FALSE,94.7,165,$90-$330,1751475,29-11-2017,2025-11-01T04:32:04.905758Z,2025-11-01T04:32:04.905758Z
c8b03190-306c-4120-bb0b-6f2ebfc06ea9,The Weeknd,6b9abe3a,04-11-2017,setlist.fm,Palais des Festivals et des Congrès,3bd36894,Other,7706,Cannes,93,France,Large,A-list,6593,FALSE,85.6,106,$58-$212,698858,04-11-2017,2025-11-01T04:32:04.905758Z,2025-11-01T04:32:04.905758Z
c8b03190-306c-4120-bb0b-6f2ebfc06ea9,The Weeknd,53e3671d,02-11-2017,setlist.fm,United Center,63d0f2d3,Arena,24735,Chicago,IL,United States,Major,A-list,19399,FALSE,78.4,140,$77-$280,2715860,02-11-2017,2025-11-01T04:32:04.905758Z,2025-11-01T04:32:04.905758Z
c8b03190-306c-4120-bb0b-6f2ebfc06ea9,The Weeknd,53e36f99,01-11-2017,setlist.fm,Little Caesars Arena,13d55569,Arena,19814,Detroit,MI,United States,Major,A-list,19376,FALSE,97.8,166,$91-$332,3216416,01-11-2017,2025-11-01T04:32:04.905758Z,2025-11-01T04:32:04.905758Z
c8b03190-306c-4120-bb0b-6f2ebfc06ea9,The Weeknd,33e37861,29-10-2017,setlist.fm,Bridgestone Arena,23d6746f,Arena,8596,Nashville,TN,United States,Major,A-list,7671,FALSE,89.2,150,$82-$300,1150650,29-10-2017,2025-11-01T04:32:04.905758Z,2025-11-01T04:32:04.905758Z
c8b03190-306c-4120-bb0b-6f2ebfc06ea9,The Weeknd,be305e2,28-10-2017,setlist.fm,Colonial Life Arena,4bd607a2,Arena,10679,Columbia,SC,United States,Large,A-list,8505,FALSE,79.7,137,$75-$274,1165185,28-10-2017,2025-11-01T04:32:04.905758Z,2025-11-01T04:32:04.905758Z
c8b03190-306c-4120-bb0b-6f2ebfc06ea9,The Weeknd,b53a1f2,26-10-2017,setlist.fm,Barclays Center,2bd77066,Arena,19438,Brooklyn,NY,United States,Large,A-list,18188,FALSE,93.6,150,$82-$300,2728200,26-10-2017,2025-11-01T04:32:04.905758Z,2025-11-01T04:32:04.905758Z
c8b03190-306c-4120-bb0b-6f2ebfc06ea9,The Weeknd,73e3267d,24-10-2017,setlist.fm,American Airlines Arena,33d6380d,Arena,19387,Miami,FL,United States,Major,A-list,16478,FALSE,85.0,164,$90-$328,2702392,24-10-2017,2025-11-01T04:32:04.905758Z,2025-11-01T04:32:04.905758Z
c8b03190-306c-4120-bb0b-6f2ebfc06ea9,The Weeknd,43e33b57,21-10-2017,setlist.fm,BOK Center,4bd62312,Arena,15177,Tulsa,OK,United States,Large,A-list,14499,FALSE,95.5,151,$83-$302,2189349,21-10-2017,2025-11-01T04:32:04.905758Z,2025-11-01T04:32:04.905758Z
c8b03190-306c-4120-bb0b-6f2ebfc06ea9,The Weeknd,1be3c1b4,19-10-2017,setlist.fm,AT&T Center,4bd62332,Arena,16740,San Antonio,TX,United States,Major,A-list,14832,FALSE,88.6,163,$89-$326,2417616,19-10-2017,2025-11-01T04:32:04.905758Z,2025-11-01T04:32:04.905758Z
c8b03190-306c-4120-bb0b-6f2ebfc06ea9,The Weeknd,7be3d63c,17-10-2017,setlist.fm,Toyota Center,4bd61fc6,Arena,19923,Houston,TX,United States,Major,A-list,15582,FALSE,78.2,153,$84-$306,2384046,17-10-2017,2025-11-01T04:32:04.905758Z,2025-11-01T04:32:04.905758Z
c8b03190-306c-4120-bb0b-6f2ebfc06ea9,The Weeknd,7be3e6d8,14-10-2017,setlist.fm,T-Mobile Arena,13d5e579,Arena,9619,Las Vegas,NV,United States,Major,A-list,8246,FALSE,85.7,146,$80-$292,1203916,14-10-2017,2025-11-01T04:32:04.905758Z,2025-11-01T04:32:04.905758Z
c8b03190-306c-4120-bb0b-6f2ebfc06ea9,The Weeknd,2be3ecd2,13-10-2017,setlist.fm,Honda Center,5bd637a8,Arena,8340,Anaheim,CA,United States,Large,A-list,7282,FALSE,87.3,140,$77-$280,1019480,13-10-2017,2025-11-01T04:32:04.905758Z,2025-11-01T04:32:04.905758Z
c8b03190-306c-4120-bb0b-6f2ebfc06ea9,The Weeknd,1be3f988,11-10-2017,setlist.fm,Golden 1 Center,53d5c7d5,Arena,13834,Sacramento,CA,United States,Large,A-list,11365,FALSE,82.2,162,$89-$324,1841130,11-10-2017,2025-11-01T04:32:04.905758Z,2025-11-01T04:32:04.905758Z
c8b03190-306c-4120-bb0b-6f2ebfc06ea9,The Weeknd,23e38cef,08-10-2017,setlist.fm,Oracle Arena,63d6366f,Arena,19728,Oakland,CA,United States,Large,A-list,17310,FALSE,87.7,160,$88-$320,2769600,08-10-2017,2025-11-01T04:32:04.905758Z,2025-11-01T04:32:04.905758Z
c8b03190-306c-4120-bb0b-6f2ebfc06ea9,The Weeknd,53e39bed,06-10-2017,setlist.fm,Moda Center,5bd4f7c4,Arena,10990,Portland,OR,United States,Major,A-list,8672,FALSE,78.9,156,$85-$312,1352832,06-10-2017,2025-11-01T04:32:04.905758Z,2025-11-01T04:32:04.905758Z
c8b03190-306c-4120-bb0b-6f2ebfc06ea9,The Weeknd,3be3a088,05-10-2017,setlist.fm,Rogers Arena,33d65801,Arena,14819,Vancouver,BC,Canada,Large,A-list,11563,FALSE,78.0,151,$83-$302,1746013,05-10-2017,2025-11-01T04:32:04.905758Z,2025-11-01T04:32:04.905758Z
c8b03190-306c-4120-bb0b-6f2ebfc06ea9,The Weeknd,7be3aaec,02-10-2017,setlist.fm,Rogers Place,bd519aa,Other,10131,Edmonton,AB,Canada,Large,A-list,8634,FALSE,85.2,108,$59-$216,932472,02-10-2017,2025-11-01T04:32:04.905758Z,2025-11-01T04:32:04.905758Z
c8b03190-306c-4120-bb0b-6f2ebfc06ea9,The Weeknd,7be24e54,29-09-2017,setlist.fm,Pepsi Center,53d61fad,Arena,9235,Denver,CO,United States,Major,A-list,8767,FALSE,94.9,151,$83-$302,1323817,29-09-2017,2025-11-01T04:32:04.905758Z,2025-11-01T04:32:04.905758Z
c8b03190-306c-4120-bb0b-6f2ebfc06ea9,The Weeknd,4be25b1e,27-09-2017,setlist.fm,Pinnacle Bank Arena,2bd4886e,Arena,18301,Lincoln,NE,United States,Large,A-list,16700,FALSE,91.3,139,$76-$278,2321300,27-09-2017,2025-11-01T04:32:04.905758Z,2025-11-01T04:32:04.905758Z
c8b03190-306c-4120-bb0b-6f2ebfc06ea9,The Weeknd,1be26198,26-09-2017,setlist.fm,Sprint Center,5bd61fa0,Arena,18079,Kansas City,MO,United States,Major,A-list,16185,FALSE,89.5,164,$90-$328,2654340,26-09-2017,2025-11-01T04:32:04.905758Z,2025-11-01T04:32:04.905758Z
c8b03190-306c-4120-bb0b-6f2ebfc06ea9,The Weeknd,43e26fdf,24-09-2017,setlist.fm,Xcel Energy Center,53d637ad,Arena,19180,St. Paul,MN,United States,Large,A-list,17070,FALSE,89.0,152,$83-$304,2594640,24-09-2017,2025-11-01T04:32:04.905758Z,2025-11-01T04:32:04.905758Z
c8b03190-306c-4120-bb0b-6f2ebfc06ea9,The Weeknd,6be2025e,22-09-2017,setlist.fm,T-Mobile Arena,13d5e579,Arena,12336,Las Vegas,NV,United States,Major,A-list,9835,FALSE,79.7,141,$77-$282,1386735,22-09-2017,2025-11-01T04:32:04.905758Z,2025-11-01T04:32:04.905758Z
c8b03190-306c-4120-bb0b-6f2ebfc06ea9,The Weeknd,73e206f5,20-09-2017,setlist.fm,Bankers Life Fieldhouse,3bd7c0c4,Stadium,35537,Indianapolis,IN,United States,Major,A-list,33588,FALSE,94.5,181,$99-$362,6079428,20-09-2017,2025-11-01T04:32:04.905758Z,2025-11-01T04:32:04.905758Z
c8b03190-306c-4120-bb0b-6f2ebfc06ea9,The Weeknd,73e20681,19-09-2017,setlist.fm,Value City Arena,23d3d043,Arena,19706,Columbus,OH,United States,Major,A-list,17483,FALSE,88.7,138,$75-$276,2412654,19-09-2017,2025-11-01T04:32:04.905758Z,2025-11-01T04:32:04.905758Z
c8b03190-306c-4120-bb0b-6f2ebfc06ea9,The Weeknd,73e26e15,16-09-2017,setlist.fm,Wells Fargo Center,3bd65058,Arena,11385,Philadelphia,PA,United States,Major,A-list,8932,FALSE,78.5,163,$89-$326,1455916,16-09-2017,2025-11-01T04:32:04.905758Z,2025-11-01T04:32:04.905758Z
c8b03190-306c-4120-bb0b-6f2ebfc06ea9,The Weeknd,3e2116f,15-09-2017,setlist.fm,Capital One Arena,3bd2b05c,Arena,14054,Washington,DC,United States,Major,A-list,11348,FALSE,80.7,162,$89-$324,1838376,15-09-2017,2025-11-01T04:32:04.905758Z,2025-11-01T04:32:04.905758Z
c8b03190-306c-4120-bb0b-6f2ebfc06ea9,The Weeknd,2be238c2,12-09-2017,setlist.fm,TD Garden,3bd61414,Other,10294,Boston,MA,United States,Major,A-list,9618,FALSE,93.4,119,$65-$238,1144542,12-09-2017,2025-11-01T04:32:04.905758Z,2025-11-01T04:32:04.905758Z
c8b03190-306c-4120-bb0b-6f2ebfc06ea9,The Weeknd,13e2d1c5,09-09-2017,setlist.fm,Air Canada Centre,1bd6d918,Other,4773,Toronto,ON,Canada,Large,A-list,4369,FALSE,91.5,102,$56-$204,445638,09-09-2017,2025-11-01T04:32:04.905758Z,2025-11-01T04:32:04.905758Z
c8b03190-306c-4120-bb0b-6f2ebfc06ea9,The Weeknd,7b4e123c,08-09-2017,setlist.fm,The Plaza Hotel Grand Ballroom,5bd74354,Other,4580,New York,NY,United States,Major,A-list,4025,FALSE,87.9,100,$55-$200,402500,08-09-2017,2025-11-01T04:32:04.905758Z,2025-11-01T04:32:04.905758Z
c8b03190-306c-4120-bb0b-6f2ebfc06ea9,The Weeknd,6be26e0a,06-09-2017,setlist.fm,Bryce Jordan Center,53d62729,Arena,9985,University Park,PA,United States,Large,A-list,8701,FALSE,87.1,138,$75-$276,1200738,06-09-2017,2025-11-01T04:32:04.905758Z,2025-11-01T04:32:04.905758Z
c8b03190-306c-4120-bb0b-6f2ebfc06ea9,The Weeknd,23e53417,06-08-2017,setlist.fm,Parc Jean-Drapeau,53d62765,Other,14583,Montreal,QC,Canada,Large,A-list,12863,FALSE,88.2,126,$69-$252,1620738,06-08-2017,2025-11-01T04:32:04.905758Z,2025-11-01T04:32:04.905758Z
c8b03190-306c-4120-bb0b-6f2ebfc06ea9,The Weeknd,13e59101,22-07-2017,setlist.fm,Hippodrome de Longchamp,33d6c4d9,Other,5647,Paris,11,France,Large,A-list,4912,FALSE,87.0,113,$62-$226,555056,22-07-2017,2025-11-01T04:32:04.905758Z,2025-11-01T04:32:04.905758Z
c8b03190-306c-4120-bb0b-6f2ebfc06ea9,The Weeknd,3e451cb,15-07-2017,setlist.fm,Marlay Park,2bd63892,Other,1187,Dublin,07,Ireland,Large,A-list,1154,FALSE,97.3,101,$55-$202,116554,15-07-2017,2025-11-01T04:32:04.905758Z,2025-11-01T04:32:04.905758Z
c8b03190-306c-4120-bb0b-6f2ebfc06ea9,The Weeknd,23e4640b,13-07-2017,setlist.fm,Recinto de festivales de Benicàssim,3bd0149c,Other,11736,Benicassim,60,Spain,Large,A-list,9441,FALSE,80.5,101,$55-$202,953541,13-07-2017,2025-11-01T04:32:04.905758Z,2025-11-01T04:32:04.905758Z
c8b03190-306c-4120-bb0b-6f2ebfc06ea9,The Weeknd,be40192,09-07-2017,setlist.fm,Finsbury Park,bd6312e,Other,13571,London,ENG,United Kingdom,Large,A-list,11304,FALSE,83.3,118,$64-$236,1333872,09-07-2017,2025-11-01T04:32:04.905758Z,2025-11-01T04:32:04.905758Z
c8b03190-306c-4120-bb0b-6f2ebfc06ea9,The Weeknd,33e4147d,07-07-2017,setlist.fm,Grosse Allmend,3d4dd53,Other,11715,Frauenfeld,TG,Switzerland,Large,A-list,9653,FALSE,82.4,107,$58-$214,1032871,07-07-2017,2025-11-01T04:32:04.905758Z,2025-11-01T04:32:04.905758Z
c8b03190-306c-4120-bb0b-6f2ebfc06ea9,The Weeknd,1be41d28,06-07-2017,setlist.fm,Passeio Marítimo de Algés,3bd62c48,Other,6994,Oeiras,14,Portugal,Large,A-list,5767,FALSE,82.5,110,$60-$220,634370,06-07-2017,2025-11-01T04:32:04.905758Z,2025-11-01T04:32:04.905758Z
c8b03190-306c-4120-bb0b-6f2ebfc06ea9,The Weeknd,7be426b4,04-07-2017,setlist.fm,Koengen,7bd61e54,Other,11886,Bergen,07,Norway,Large,A-list,11223,FALSE,94.4,106,$58-$212,1189638,04-07-2017,2025-11-01T04:32:04.905758Z,2025-11-01T04:32:04.905758Z
c8b03190-306c-4120-bb0b-6f2ebfc06ea9,The Weeknd,53e4c3b9,01-07-2017,setlist.fm,Kaisaniemen puisto,2bd4e092,Other,10352,Helsinki,18,Finland,Large,A-list,9477,FALSE,91.5,107,$58-$214,1014039,01-07-2017,2025-11-01T04:32:04.905758Z,2025-11-01T04:32:04.905758Z
c8b03190-306c-4120-bb0b-6f2ebfc06ea9,The Weeknd,73e4ca6d,30-06-2017,setlist.fm,Lotnisko Gdynia-Kosakowo,53d787e9,Other,4258,Gdynia,82,Poland,Large,A-list,3488,FALSE,81.9,125,$68-$250,436000,30-06-2017,2025-11-01T04:32:04.905758Z,2025-11-01T04:32:04.905758Z
c8b03190-306c-4120-bb0b-6f2ebfc06ea9,The Weeknd,43e4d7af,28-06-2017,setlist.fm,Dyrskuepladsen,5bd5b3ac,Other,14763,Roskilde,20,Denmark,Large,A-list,12763,FALSE,86.5,107,$58-$214,1365641,28-06-2017,2025-11-01T04:32:04.905758Z,2025-11-01T04:32:04.905758Z
c8b03190-306c-4120-bb0b-6f2ebfc06ea9,The Weeknd,6be4f226,24-06-2017,setlist.fm,Commerzbank-Arena,4bd63796,Arena,18209,Frankfurt,05,Germany,Large,A-list,15628,FALSE,85.8,139,$76-$278,2172292,24-06-2017,2025-11-01T04:32:04.905758Z,2025-11-01T04:32:04.905758Z
c8b03190-306c-4120-bb0b-6f2ebfc06ea9,The Weeknd,2beb2c62,20-06-2017,setlist.fm,Hotel du Cap-Eden-Roc,53d5c3d1,Other,5896,Cap d'Antibes,93,France,Large,A-list,5371,FALSE,91.1,106,$58-$212,569326,20-06-2017,2025-11-01T04:32:04.905758Z,2025-11-01T04:32:04.905758Z
c8b03190-306c-4120-bb0b-6f2ebfc06ea9,The Weeknd,3be4a880,17-06-2017,setlist.fm,The Woodlands of Dover International Speedway,4bd70f96,Other,6327,Dover,DE,United States,Large,A-list,5318,FALSE,84.1,100,$55-$200,531800,17-06-2017,2025-11-01T04:32:04.905758Z,2025-11-01T04:32:04.905758Z
c8b03190-306c-4120-bb0b-6f2ebfc06ea9,The Weeknd,be75182,11-06-2017,setlist.fm,Great Stage Park,2bd6181e,Other,1351,Manchester,TN,United States,Large,A-list,1269,FALSE,94.0,110,$60-$220,139590,11-06-2017,2025-11-01T04:32:04.905758Z,2025-11-01T04:32:04.905758Z
c8b03190-306c-4120-bb0b-6f2ebfc06ea9,The Weeknd,13e7614d,09-06-2017,setlist.fm,U.S. Bank Arena,5bd61fc4,Arena,10252,Cincinnati,OH,United States,Large,A-list,8233,FALSE,80.3,150,$82-$300,1234950,09-06-2017,2025-11-01T04:32:04.905758Z,2025-11-01T04:32:04.905758Z
c8b03190-306c-4120-bb0b-6f2ebfc06ea9,The Weeknd,63e772cb,07-06-2017,setlist.fm,Barclays Center,2bd77066,Arena,9347,Brooklyn,NY,United States,Large,A-list,7708,FALSE,82.5,150,$82-$300,1156200,07-06-2017,2025-11-01T04:32:04.905758Z,2025-11-01T04:32:04.905758Z
c8b03190-306c-4120-bb0b-6f2ebfc06ea9,The Weeknd,2be7746e,06-06-2017,setlist.fm,Barclays Center,2bd77066,Arena,8717,Brooklyn,NY,United States,Large,A-list,7146,FALSE,82.0,158,$86-$316,1129068,06-06-2017,2025-11-01T04:32:04.905758Z,2025-11-01T04:32:04.905758Z
c8b03190-306c-4120-bb0b-6f2ebfc06ea9,The Weeknd,6be702f2,04-06-2017,setlist.fm,Prudential Center,23d63823,Arena,13687,Newark,NJ,United States,Large,A-list,12456,FALSE,91.0,137,$75-$274,1706472,04-06-2017,2025-11-01T04:32:04.905758Z,2025-11-01T04:32:04.905758Z
c8b03190-306c-4120-bb0b-6f2ebfc06ea9,The Weeknd,53e70bf1,03-06-2017,setlist.fm,Nassau Veterans Memorial Coliseum,1bd6c998,Stadium,59032,Uniondale,NY,United States,Large,A-list,56938,FALSE,96.5,212,$116-$424,12070856,03-06-2017,2025-11-01T04:32:04.905758Z,2025-11-01T04:32:04.905758Z
c8b03190-306c-4120-bb0b-6f2ebfc06ea9,The Weeknd,73e71651,02-06-2017,setlist.fm,Mohegan Sun Arena,53d61fb1,Arena,14340,Uncasville,CT,United States,Large,A-list,12394,FALSE,86.4,157,$86-$314,1945858,02-06-2017,2025-11-01T04:32:04.905758Z,2025-11-01T04:32:04.905758Z
c8b03190-306c-4120-bb0b-6f2ebfc06ea9,The Weeknd,53e72b1d,30-05-2017,setlist.fm,Centre Bell,6bd6d222,Other,5861,Montreal,QC,Canada,Large,A-list,5318,FALSE,90.7,120,$66-$240,638160,30-05-2017,2025-11-01T04:32:04.905758Z,2025-11-01T04:32:04.905758Z
c8b03190-306c-4120-bb0b-6f2ebfc06ea9,The Weeknd,6be73666,28-05-2017,setlist.fm,Canadian Tire Centre,33d37431,Other,14134,Ottawa,ON,Canada,Large,A-list,11235,FALSE,79.5,103,$56-$206,1157205,28-05-2017,2025-11-01T04:32:04.905758Z,2025-11-01T04:32:04.905758Z
c8b03190-306c-4120-bb0b-6f2ebfc06ea9,The Weeknd,43e73f47,27-05-2017,setlist.fm,Air Canada Centre,1bd6d918,Other,7414,Toronto,ON,Canada,Large,A-list,6249,FALSE,84.3,100,$55-$200,624900,27-05-2017,2025-11-01T04:32:04.905758Z,2025-11-01T04:32:04.905758Z
c8b03190-306c-4120-bb0b-6f2ebfc06ea9,The Weeknd,3e7c12b,26-05-2017,setlist.fm,Air Canada Centre,1bd6d918,Other,1722,Toronto,ON,Canada,Large,A-list,1386,FALSE,80.5,111,$61-$222,153846,26-05-2017,2025-11-01T04:32:04.905758Z,2025-11-01T04:32:04.905758Z
c8b03190-306c-4120-bb0b-6f2ebfc06ea9,The Weeknd,3e7c9c3,24-05-2017,setlist.fm,The Palace of Auburn Hills,23d63847,Other,3129,Auburn Hills,MI,United States,Large,A-list,2986,FALSE,95.4,99,$54-$198,295614,24-05-2017,2025-11-01T04:32:04.905758Z,2025-11-01T04:32:04.905758Z
c8b03190-306c-4120-bb0b-6f2ebfc06ea9,The Weeknd,6be7d6ba,23-05-2017,setlist.fm,Allstate Arena,73d6ca11,Arena,16322,Rosemont,IL,United States,Large,A-list,14461,FALSE,88.6,157,$86-$314,2270377,23-05-2017,2025-11-01T04:32:04.905758Z,2025-11-01T04:32:04.905758Z
c8b03190-306c-4120-bb0b-6f2ebfc06ea9,The Weeknd,13e7e90d,19-05-2017,setlist.fm,Boardwalk Hall,bd3fd92,Theater,4588,Atlantic City,NJ,United States,Large,A-list,3967,FALSE,86.5,135,$74-$270,535545,19-05-2017,2025-11-01T04:32:04.905758Z,2025-11-01T04:32:04.905758Z
c8b03190-306c-4120-bb0b-6f2ebfc06ea9,The Weeknd,3e7f197,18-05-2017,setlist.fm,Verizon Center,3bd6383c,Arena,8235,Washington,DC,United States,Major,A-list,7856,FALSE,95.4,135,$74-$270,1060560,18-05-2017,2025-11-01T04:32:04.905758Z,2025-11-01T04:32:04.905758Z
c8b03190-306c-4120-bb0b-6f2ebfc06ea9,The Weeknd,33e7f4a1,17-05-2017,setlist.fm,Spectrum Center,23d514af,Arena,16311,Charlotte,NC,United States,Major,A-list,15152,FALSE,92.9,164,$90-$328,2484928,17-05-2017,2025-11-01T04:32:04.905758Z,2025-11-01T04:32:04.905758Z
c8b03190-306c-4120-bb0b-6f2ebfc06ea9,The Weeknd,43e79717,13-05-2017,setlist.fm,Philips Arena,43d637a3,Arena,11637,Atlanta,GA,United States,Major,A-list,10915,FALSE,93.8,152,$83-$304,1659080,13-05-2017,2025-11-01T04:32:04.905758Z,2025-11-01T04:32:04.905758Z
c8b03190-306c-4120-bb0b-6f2ebfc06ea9,The Weeknd,53e79f79,12-05-2017,setlist.fm,Amalie Arena,3bd40404,Arena,19624,Tampa,FL,United States,Large,A-list,16416,FALSE,83.7,156,$85-$312,2560896,12-05-2017,2025-11-01T04:32:04.905758Z,2025-11-01T04:32:04.905758Z
c8b03190-306c-4120-bb0b-6f2ebfc06ea9,The Weeknd,53e7a38d,11-05-2017,setlist.fm,BB&T Center,6bd772fe,Arena,8093,Sunrise,FL,United States,Large,A-list,7096,FALSE,87.7,149,$81-$298,1057304,11-05-2017,2025-11-01T04:32:04.905758Z,2025-11-01T04:32:04.905758Z
c8b03190-306c-4120-bb0b-6f2ebfc06ea9,The Weeknd,1be7b1b4,09-05-2017,setlist.fm,Smoothie King Center,6bd4e206,Arena,10004,New Orleans,LA,United States,Large,A-list,8844,FALSE,88.4,169,$92-$338,1494636,09-05-2017,2025-11-01T04:32:04.905758Z,2025-11-01T04:32:04.905758Z
c8b03190-306c-4120-bb0b-6f2ebfc06ea9,The Weeknd,be64582,06-05-2017,setlist.fm,Toyota Center,4bd61fc6,Arena,15599,Houston,TX,United States,Major,A-list,14027,FALSE,89.9,166,$91-$332,2328482,06-05-2017,2025-11-01T04:32:04.905758Z,2025-11-01T04:32:04.905758Z
c8b03190-306c-4120-bb0b-6f2ebfc06ea9,The Weeknd,53e65be5,04-05-2017,setlist.fm,American Airlines Center,43d61fa3,Arena,17650,Dallas,TX,United States,Major,A-list,14788,FALSE,83.8,137,$75-$274,2025956,04-05-2017,2025-11-01T04:32:04.905758Z,2025-11-01T04:32:04.905758Z
c8b03190-306c-4120-bb0b-6f2ebfc06ea9,The Weeknd,2be6649e,02-05-2017,setlist.fm,Talking Stick Resort Arena,4bd5a3c6,Arena,11803,Phoenix,AZ,United States,Major,A-list,10709,FALSE,90.7,151,$83-$302,1617059,02-05-2017,2025-11-01T04:32:04.905758Z,2025-11-01T04:32:04.905758Z
c8b03190-306c-4120-bb0b-6f2ebfc06ea9,The Weeknd,23e670f3,30-04-2017,setlist.fm,The Forum,7bd3cea4,Other,9479,Inglewood,CA,United States,Large,A-list,9061,FALSE,95.6,118,$64-$236,1069198,30-04-2017,2025-11-01T04:32:04.905758Z,2025-11-01T04:32:04.905758Z
c8b03190-306c-4120-bb0b-6f2ebfc06ea9,The Weeknd,3be67c64,29-04-2017,setlist.fm,The Forum,7bd3cea4,Other,3704,Inglewood,CA,United States,Large,A-list,2948,FALSE,79.6,119,$65-$238,350812,29-04-2017,2025-11-01T04:32:04.905758Z,2025-11-01T04:32:04.905758Z
c8b03190-306c-4120-bb0b-6f2ebfc06ea9,The Weeknd,be6051a,28-04-2017,setlist.fm,SAP Center at San Jose,6bd3966a,Arena,14240,San Jose,CA,United States,Major,A-list,12587,FALSE,88.4,139,$76-$278,1749593,28-04-2017,2025-11-01T04:32:04.905758Z,2025-11-01T04:32:04.905758Z
c8b03190-306c-4120-bb0b-6f2ebfc06ea9,The Weeknd,23e6109f,26-04-2017,setlist.fm,KeyArena,7bd6d6f0,Arena,11301,Seattle,WA,United States,Major,A-list,9578,FALSE,84.8,135,$74-$270,1293030,26-04-2017,2025-11-01T04:32:04.905758Z,2025-11-01T04:32:04.905758Z
c8b03190-306c-4120-bb0b-6f2ebfc06ea9,The Weeknd,73e61e91,25-04-2017,setlist.fm,Rogers Arena,33d65801,Arena,16075,Vancouver,BC,Canada,Large,A-list,13925,FALSE,86.6,162,$89-$324,2255850,25-04-2017,2025-11-01T04:32:04.905758Z,2025-11-01T04:32:04.905758Z
c8b03190-306c-4120-bb0b-6f2ebfc06ea9,The Weeknd,2be698f2,02-04-2017,setlist.fm,Parque O'Higgins,bd7d142,Other,14601,Santiago,12,Chile,Large,A-list,13101,FALSE,89.7,105,$57-$210,1375605,02-04-2017,2025-11-01T04:32:04.905758Z,2025-11-01T04:32:04.905758Z
c8b03190-306c-4120-bb0b-6f2ebfc06ea9,The Weeknd,7be6bae8,01-04-2017,setlist.fm,Hipódromo de San Isidro,13d665b1,Other,1831,San Isidro,01,Argentina,Large,A-list,1627,FALSE,88.9,113,$62-$226,183851,01-04-2017,2025-11-01T04:32:04.905758Z,2025-11-01T04:32:04.905758Z
c8b03190-306c-4120-bb0b-6f2ebfc06ea9,The Weeknd,3bf95ce8,26-03-2017,setlist.fm,Autódromo de Interlagos,5bd6c74c,Other,7154,São Paulo,SP,Brazil,Large,A-list,6396,FALSE,89.4,114,$62-$228,729144,26-03-2017,2025-11-01T04:32:04.905758Z,2025-11-01T04:32:04.905758Z
c8b03190-306c-4120-bb0b-6f2ebfc06ea9,The Weeknd,43f97313,23-03-2017,setlist.fm,Parque Deportivo 222,6bd4bafa,Other,2951,Bogota,34,Colombia,Large,A-list,2337,FALSE,79.2,113,$62-$226,264081,23-03-2017,2025-11-01T04:32:04.905758Z,2025-11-01T04:32:04.905758Z
c8b03190-306c-4120-bb0b-6f2ebfc06ea9,The Weeknd,bf93132,14-03-2017,setlist.fm,First Direct Arena,33d49495,Arena,17320,Leeds,ENG,United Kingdom,Large,A-list,13754,FALSE,79.4,169,$92-$338,2324426,14-03-2017,2025-11-01T04:32:04.905758Z,2025-11-01T04:32:04.905758Z
c8b03190-306c-4120-bb0b-6f2ebfc06ea9,The Weeknd,6bf93ebe,13-03-2017,setlist.fm,Barclaycard Arena,73d476f9,Arena,18797,Birmingham,ENG,United Kingdom,Large,A-list,14886,FALSE,79.2,152,$83-$304,2262672,13-03-2017,2025-11-01T04:32:04.905758Z,2025-11-01T04:32:04.905758Z
c8b03190-306c-4120-bb0b-6f2ebfc06ea9,The Weeknd,1bf9c558,11-03-2017,setlist.fm,Metro Radio Arena,23d40057,Arena,10242,Newcastle upon Tyne,ENG,United Kingdom,Large,A-list,9382,FALSE,91.6,161,$88-$322,1510502,11-03-2017,2025-11-01T04:32:04.905758Z,2025-11-01T04:32:04.905758Z
c8b03190-306c-4120-bb0b-6f2ebfc06ea9,The Weeknd,2bf9d022,10-03-2017,setlist.fm,The SSE Hydro,23d4703b,Other,1764,Glasgow,SCT,United Kingdom,Large,A-list,1397,FALSE,79.2,108,$59-$216,150876,10-03-2017,2025-11-01T04:32:04.905758Z,2025-11-01T04:32:04.905758Z
c8b03190-306c-4120-bb0b-6f2ebfc06ea9,The Weeknd,2bf9dc6a,08-03-2017,setlist.fm,The O2 Arena,73d466b5,Arena,18954,London,ENG,United Kingdom,Large,A-list,16323,FALSE,86.1,150,$82-$300,2448450,08-03-2017,2025-11-01T04:32:04.905758Z,2025-11-01T04:32:04.905758Z
c8b03190-306c-4120-bb0b-6f2ebfc06ea9,The Weeknd,13f9e50d,07-03-2017,setlist.fm,The O2 Arena,73d466b5,Arena,13297,London,ENG,United Kingdom,Large,A-list,10578,FALSE,79.6,138,$75-$276,1459764,07-03-2017,2025-11-01T04:32:04.905758Z,2025-11-01T04:32:04.905758Z
c8b03190-306c-4120-bb0b-6f2ebfc06ea9,The Weeknd,2bf9f026,05-03-2017,setlist.fm,Manchester Arena,3d73de3,Arena,10243,Manchester,ENG,United Kingdom,Large,A-list,8381,FALSE,81.8,154,$84-$308,1290674,05-03-2017,2025-11-01T04:32:04.905758Z,2025-11-01T04:32:04.905758Z
c8b03190-306c-4120-bb0b-6f2ebfc06ea9,The Weeknd,3f9fd43,03-03-2017,setlist.fm,Sportpaleis,13d2c599,Other,4364,Merksem,BE.AN,Belgium,Large,A-list,3724,FALSE,85.3,106,$58-$212,394744,03-03-2017,2025-11-01T04:32:04.905758Z,2025-11-01T04:32:04.905758Z
c8b03190-306c-4120-bb0b-6f2ebfc06ea9,The Weeknd,53f98771,02-03-2017,setlist.fm,Lanxess Arena,53d6cb49,Arena,8192,Cologne,07,Germany,Large,A-list,7920,FALSE,96.7,145,$79-$290,1148400,02-03-2017,2025-11-01T04:32:04.905758Z,2025-11-01T04:32:04.905758Z
c8b03190-306c-4120-bb0b-6f2ebfc06ea9,The Weeknd,53f993b9,28-02-2017,setlist.fm,AccorHotels Arena,2bd5f872,Arena,14301,Paris,11,France,Large,A-list,11957,FALSE,83.6,158,$86-$316,1889206,28-02-2017,2025-11-01T04:32:04.905758Z,2025-11-01T04:32:04.905758Z
c8b03190-306c-4120-bb0b-6f2ebfc06ea9,The Weeknd,7bf99e44,26-02-2017,setlist.fm,Hallenstadion,5bd62368,Theater,3630,Zurich,ZH,Switzerland,Large,A-list,3437,FALSE,94.7,133,$73-$266,457121,26-02-2017,2025-11-01T04:32:04.905758Z,2025-11-01T04:32:04.905758Z
c8b03190-306c-4120-bb0b-6f2ebfc06ea9,The Weeknd,63f9aa2f,24-02-2017,setlist.fm,Ziggo Dome,53d7378d,Stadium,32029,Amsterdam,07,Netherlands,Large,A-list,29477,FALSE,92.0,198,$108-$396,5836446,24-02-2017,2025-11-01T04:32:04.905758Z,2025-11-01T04:32:04.905758Z
c8b03190-306c-4120-bb0b-6f2ebfc06ea9,The Weeknd,23f844db,20-02-2017,setlist.fm,Royal Arena,73d512e9,Arena,16170,Copenhagen,17,Denmark,Large,A-list,13089,FALSE,80.9,140,$77-$280,1832460,20-02-2017,2025-11-01T04:32:04.905758Z,2025-11-01T04:32:04.905758Z
c8b03190-306c-4120-bb0b-6f2ebfc06ea9,The Weeknd,7bf84e84,19-02-2017,setlist.fm,Oslo Spektrum,6bd61e52,Other,12976,Oslo,12,Norway,Large,A-list,12450,FALSE,95.9,119,$65-$238,1481550,19-02-2017,2025-11-01T04:32:04.905758Z,2025-11-01T04:32:04.905758Z
c8b03190-306c-4120-bb0b-6f2ebfc06ea9,The Weeknd,bf855a2,17-02-2017,setlist.fm,Ericsson Globe,3bd75848,Other,10864,Stockholm,26,Sweden,Large,A-list,10345,FALSE,95.2,125,$68-$250,1293125,17-02-2017,2025-11-01T04:32:04.905758Z,2025-11-01T04:32:04.905758Z
c8b03190-306c-4120-bb0b-6f2ebfc06ea9,The Weeknd,7bf87ac0,12-02-2017,setlist.fm,Staples Center,53d637b5,Arena,9193,Los Angeles,CA,United States,Major,A-list,7837,FALSE,85.3,166,$91-$332,1300942,12-02-2017,2025-11-01T04:32:04.905758Z,2025-11-01T04:32:04.905758Z
c8b03190-306c-4120-bb0b-6f2ebfc06ea9,The Weeknd,23bc349b,18-01-2017,setlist.fm,The Theater at Madison Square Garden,7bd62a20,Theater,3140,New York,NY,United States,Major,A-list,2905,FALSE,92.5,129,$70-$258,374745,18-01-2017,2025-11-01T04:32:04.905758Z,2025-11-01T04:32:04.905758Z
c8b03190-306c-4120-bb0b-6f2ebfc06ea9,The Weeknd,1bfb7594,31-12-2016,setlist.fm,Marquee Nightclub,1bd74d5c,Club,258,Las Vegas,NV,United States,Major,A-list,209,FALSE,81.4,92,$50-$184,19228,31-12-2016,2025-11-01T04:32:04.905758Z,2025-11-01T04:32:04.905758Z
c8b03190-306c-4120-bb0b-6f2ebfc06ea9,The Weeknd,63fb7e47,30-12-2016,setlist.fm,The Chelsea,3d4616f,Other,13211,Las Vegas,NV,United States,Major,A-list,12580,FALSE,95.2,102,$56-$204,1283160,30-12-2016,2025-11-01T04:32:04.905758Z,2025-11-01T04:32:04.905758Z
c8b03190-306c-4120-bb0b-6f2ebfc06ea9,The Weeknd,3fb19bb,17-12-2016,setlist.fm,LA Hanger Studios,4bd53b9a,Other,11516,Los Angeles,CA,United States,Major,A-list,10329,FALSE,89.7,112,$61-$224,1156848,17-12-2016,2025-11-01T04:32:04.905758Z,2025-11-01T04:32:04.905758Z
c8b03190-306c-4120-bb0b-6f2ebfc06ea9,The Weeknd,1bfbc170,13-12-2016,setlist.fm,The Voice,63d466ab,Other,4247,Universal City,CA,United States,Large,A-list,3943,FALSE,92.9,105,$57-$210,414015,13-12-2016,2025-11-01T04:32:04.905758Z,2025-11-01T04:32:04.905758Z
c8b03190-306c-4120-bb0b-6f2ebfc06ea9,The Weeknd,2bfbc85e,10-12-2016,setlist.fm,"The SSE Arena, Wembley",33d40055,Arena,11825,London,ENG,United Kingdom,Large,A-list,9805,FALSE,82.9,169,$92-$338,1657045,10-12-2016,2025-11-01T04:32:04.905758Z,2025-11-01T04:32:04.905758Z
c8b03190-306c-4120-bb0b-6f2ebfc06ea9,The Weeknd,43fb9b1f,30-11-2016,setlist.fm,Grand Palais,6bd67a72,Other,8723,Paris,11,France,Large,A-list,7236,FALSE,83.0,100,$55-$200,723600,30-11-2016,2025-11-01T04:32:04.905758Z,2025-11-01T04:32:04.905758Z
c8b03190-306c-4120-bb0b-6f2ebfc06ea9,The Weeknd,33b284f1,28-11-2016,setlist.fm,The Ellen DeGeneres Show,13d61949,Other,10531,Burbank,CA,United States,Large,A-list,10139,FALSE,96.3,117,$64-$234,1186263,28-11-2016,2025-11-01T04:32:04.905758Z,2025-11-01T04:32:04.905758Z
c8b03190-306c-4120-bb0b-6f2ebfc06ea9,The Weeknd,4bfa438a,25-11-2016,setlist.fm,Air Canada Centre,1bd6d918,Other,5711,Toronto,ON,Canada,Large,A-list,4986,FALSE,87.3,113,$62-$226,563418,25-11-2016,2025-11-01T04:32:04.905758Z,2025-11-01T04:32:04.905758Z
c8b03190-306c-4120-bb0b-6f2ebfc06ea9,The Weeknd,3385b461,24-11-2016,setlist.fm,The Tonight Show Starring Jimmy Fallon,13d4dd51,Other,3448,New York,NY,United States,Major,A-list,3303,FALSE,95.8,120,$66-$240,396360,24-11-2016,2025-11-01T04:32:04.905758Z,2025-11-01T04:32:04.905758Z
c8b03190-306c-4120-bb0b-6f2ebfc06ea9,The Weeknd,5bfa67d0,20-11-2016,setlist.fm,Microsoft Theater,1bd5b144,Theater,3329,Los Angeles,CA,United States,Major,A-list,2942,FALSE,88.4,133,$73-$266,391286,20-11-2016,2025-11-01T04:32:04.905758Z,2025-11-01T04:32:04.905758Z
c8b03190-306c-4120-bb0b-6f2ebfc06ea9,The Weeknd,3fac5af,06-11-2016,setlist.fm,Ahoy,13d6d121,Other,13373,Rotterdam,11,Netherlands,Large,A-list,12727,FALSE,95.2,113,$62-$226,1438151,06-11-2016,2025-11-01T04:32:04.905758Z,2025-11-01T04:32:04.905758Z
c8b03190-306c-4120-bb0b-6f2ebfc06ea9,The Weeknd,3fa8d67,28-10-2016,setlist.fm,City Park,3d795db,Other,7220,New Orleans,LA,United States,Large,A-list,6117,FALSE,84.7,106,$58-$212,648402,28-10-2016,2025-11-01T04:32:04.905758Z,2025-11-01T04:32:04.905758Z
c8b03190-306c-4120-bb0b-6f2ebfc06ea9,The Weeknd,3bfd30a8,01-10-2016,setlist.fm,Saturday Night Live,bd6c9f6,Other,14871,New York,NY,United States,Major,A-list,12731,FALSE,85.6,102,$56-$204,1298562,01-10-2016,2025-11-01T04:32:04.905758Z,2025-11-01T04:32:04.905758Z
c8b03190-306c-4120-bb0b-6f2ebfc06ea9,The Weeknd,3bfef0f4,29-05-2016,setlist.fm,Powderham Castle,23de3c07,Other,3075,Kenton,ENG,United Kingdom,Large,A-list,2440,FALSE,79.4,116,$63-$232,283040,29-05-2016,2025-11-01T04:32:04.905758Z,2025-11-01T04:32:04.905758Z
c8b03190-306c-4120-bb0b-6f2ebfc06ea9,The Weeknd,63feb2f7,20-05-2016,setlist.fm,The Hangout,3d7e9e3,Other,13881,Gulf Shores,AL,United States,Large,A-list,12076,FALSE,87.0,101,$55-$202,1219676,20-05-2016,2025-11-01T04:32:04.905758Z,2025-11-01T04:32:04.905758Z
c8b03190-306c-4120-bb0b-6f2ebfc06ea9,The Weeknd,33f10885,02-05-2016,setlist.fm,The Metropolitan Museum of Art,13d7f13d,Other,11284,New York,NY,United States,Major,A-list,9614,FALSE,85.2,125,$68-$250,1201750,02-05-2016,2025-11-01T04:32:04.905758Z,2025-11-01T04:32:04.905758Z
c8b03190-306c-4120-bb0b-6f2ebfc06ea9,The Weeknd,1bf1b584,07-04-2016,setlist.fm,Palais am Funkturm,33d724dd,Other,11681,Berlin,16,Germany,Large,A-list,9137,FALSE,78.2,104,$57-$208,950248,07-04-2016,2025-11-01T04:32:04.905758Z,2025-11-01T04:32:04.905758Z
c8b03190-306c-4120-bb0b-6f2ebfc06ea9,The Weeknd,4388dfc7,03-04-2016,setlist.fm,Scotiabank Saddledome,13d7a181,Stadium,57133,Calgary,AB,Canada,Large,A-list,49394,FALSE,86.5,185,$101-$370,9137890,03-04-2016,2025-11-01T04:32:04.905758Z,2025-11-01T04:32:04.905758Z
c8b03190-306c-4120-bb0b-6f2ebfc06ea9,The Weeknd,53f09f45,28-02-2016,setlist.fm,Dolby Theatre,23d5a8f7,Theater,2770,Los Angeles,CA,United States,Major,A-list,2582,FALSE,93.2,121,$66-$242,312422,28-02-2016,2025-11-01T04:32:04.905758Z,2025-11-01T04:32:04.905758Z
c8b03190-306c-4120-bb0b-6f2ebfc06ea9,The Weeknd,5bf34b70,24-02-2016,setlist.fm,The O2 Arena,73d466b5,Arena,12501,London,ENG,United Kingdom,Large,A-list,11907,FALSE,95.3,141,$77-$282,1678887,24-02-2016,2025-11-01T04:32:04.905758Z,2025-11-01T04:32:04.905758Z
c8b03190-306c-4120-bb0b-6f2ebfc06ea9,The Weeknd,1bf0f944,19-02-2016,setlist.fm,The Tonight Show Starring Jimmy Fallon,13d4dd51,Other,3655,New York,NY,United States,Major,A-list,3451,FALSE,94.4,105,$57-$210,362355,19-02-2016,2025-11-01T04:32:04.905758Z,2025-11-01T04:32:04.905758Z
c8b03190-306c-4120-bb0b-6f2ebfc06ea9,The Weeknd,4bf30396,15-02-2016,setlist.fm,Staples Center,53d637b5,Arena,17166,Los Angeles,CA,United States,Major,A-list,14102,FALSE,82.2,143,$78-$286,2016586,15-02-2016,2025-11-01T04:32:04.905758Z,2025-11-01T04:32:04.905758Z
c8b03190-306c-4120-bb0b-6f2ebfc06ea9,The Weeknd,bf315ba,12-02-2016,setlist.fm,The Forum,7bd3cea4,Other,11511,Inglewood,CA,United States,Large,A-list,10948,FALSE,95.1,121,$66-$242,1324708,12-02-2016,2025-11-01T04:32:04.905758Z,2025-11-01T04:32:04.905758Z
c8b03190-306c-4120-bb0b-6f2ebfc06ea9,The Weeknd,1bf3f538,02-01-2016,setlist.fm,Drai's Beachclub & Nightclub,7bd2ce44,Club,582,Las Vegas,NV,United States,Major,A-list,464,FALSE,79.8,100,$55-$200,46400,02-01-2016,2025-11-01T04:32:04.905758Z,2025-11-01T04:32:04.905758Z
c8b03190-306c-4120-bb0b-6f2ebfc06ea9,The Weeknd,13aa4d99,31-12-2015,setlist.fm,Fontainebleau Hotel,3bd38078,Other,8854,Miami Beach,FL,United States,Large,A-list,6998,FALSE,79.0,126,$69-$252,881748,31-12-2015,2025-11-01T04:32:04.905758Z,2025-11-01T04:32:04.905758Z
c8b03190-306c-4120-bb0b-6f2ebfc06ea9,The Weeknd,7bf26e7c,19-12-2015,setlist.fm,American Airlines Arena,33d6380d,Arena,12834,Miami,FL,United States,Major,A-list,11846,FALSE,92.3,149,$81-$298,1765054,19-12-2015,2025-11-01T04:32:04.905758Z,2025-11-01T04:32:04.905758Z
c8b03190-306c-4120-bb0b-6f2ebfc06ea9,The Weeknd,5b575748,19-12-2015,setlist.fm,LIV,73d6322d,Other,5519,Miami Beach,FL,United States,Large,A-list,5261,FALSE,95.3,112,$61-$224,589232,19-12-2015,2025-11-01T04:32:04.905758Z,2025-11-01T04:32:04.905758Z
c8b03190-306c-4120-bb0b-6f2ebfc06ea9,The Weeknd,73f26e7d,18-12-2015,setlist.fm,BB&T Center,6bd772fe,Arena,16337,Sunrise,FL,United States,Large,A-list,14874,FALSE,91.0,139,$76-$278,2067486,18-12-2015,2025-11-01T04:32:04.905758Z,2025-11-01T04:32:04.905758Z
c8b03190-306c-4120-bb0b-6f2ebfc06ea9,The Weeknd,6bf26e7e,17-12-2015,setlist.fm,Amalie Arena,3bd40404,Arena,17212,Tampa,FL,United States,Large,A-list,15325,FALSE,89.0,157,$86-$314,2406025,17-12-2015,2025-11-01T04:32:04.905758Z,2025-11-01T04:32:04.905758Z
c8b03190-306c-4120-bb0b-6f2ebfc06ea9,The Weeknd,7bf26e78,15-12-2015,setlist.fm,Philips Arena,43d637a3,Arena,19994,Atlanta,GA,United States,Major,A-list,17813,FALSE,89.1,141,$77-$282,2511633,15-12-2015,2025-11-01T04:32:04.905758Z,2025-11-01T04:32:04.905758Z
c8b03190-306c-4120-bb0b-6f2ebfc06ea9,The Weeknd,7346a635,14-12-2015,setlist.fm,The Voice,63d466ab,Other,10080,Universal City,CA,United States,Large,A-list,9348,FALSE,92.7,126,$69-$252,1177848,14-12-2015,2025-11-01T04:32:04.905758Z,2025-11-01T04:32:04.905758Z
c8b03190-306c-4120-bb0b-6f2ebfc06ea9,The Weeknd,73f26e79,13-12-2015,setlist.fm,Toyota Center,4bd61fc6,Arena,16641,Houston,TX,United States,Major,A-list,14975,FALSE,90.0,160,$88-$320,2396000,13-12-2015,2025-11-01T04:32:04.905758Z,2025-11-01T04:32:04.905758Z
c8b03190-306c-4120-bb0b-6f2ebfc06ea9,The Weeknd,6bf26e7a,11-12-2015,setlist.fm,Madison Square Garden,23d63cc7,Other,3196,New York,NY,United States,Major,A-list,2906,FALSE,91.0,118,$64-$236,342908,11-12-2015,2025-11-01T04:32:04.905758Z,2025-11-01T04:32:04.905758Z
c8b03190-306c-4120-bb0b-6f2ebfc06ea9,The Weeknd,33f2cc3d,10-12-2015,setlist.fm,TD Garden,3bd61414,Other,6395,Boston,MA,United States,Major,A-list,5919,FALSE,92.6,123,$67-$246,728037,10-12-2015,2025-11-01T04:32:04.905758Z,2025-11-01T04:32:04.905758Z
c8b03190-306c-4120-bb0b-6f2ebfc06ea9,The Weeknd,7bf2ca88,09-12-2015,setlist.fm,The Forum,7bd3cea4,Other,9933,Inglewood,CA,United States,Large,A-list,9054,FALSE,91.2,106,$58-$212,959724,09-12-2015,2025-11-01T04:32:04.905758Z,2025-11-01T04:32:04.905758Z
c8b03190-306c-4120-bb0b-6f2ebfc06ea9,The Weeknd,3f2d1d3,08-12-2015,setlist.fm,The Forum,7bd3cea4,Other,5493,Inglewood,CA,United States,Large,A-list,4638,FALSE,84.4,125,$68-$250,579750,08-12-2015,2025-11-01T04:32:04.905758Z,2025-11-01T04:32:04.905758Z
c8b03190-306c-4120-bb0b-6f2ebfc06ea9,The Weeknd,6bf26e72,06-12-2015,setlist.fm,SAP Center at San Jose,6bd3966a,Arena,14458,San Jose,CA,United States,Major,A-list,13341,FALSE,92.3,150,$82-$300,2001150,06-12-2015,2025-11-01T04:32:04.905758Z,2025-11-01T04:32:04.905758Z
c8b03190-306c-4120-bb0b-6f2ebfc06ea9,The Weeknd,63f26e73,05-12-2015,setlist.fm,Oracle Arena,63d6366f,Arena,16993,Oakland,CA,United States,Large,A-list,16626,FALSE,97.8,144,$79-$288,2394144,05-12-2015,2025-11-01T04:32:04.905758Z,2025-11-01T04:32:04.905758Z
c8b03190-306c-4120-bb0b-6f2ebfc06ea9,The Weeknd,4bf2ff5e,04-12-2015,setlist.fm,Staples Center,53d637b5,Arena,13156,Los Angeles,CA,United States,Major,A-list,12671,FALSE,96.3,159,$87-$318,2014689,04-12-2015,2025-11-01T04:32:04.905758Z,2025-11-01T04:32:04.905758Z
c8b03190-306c-4120-bb0b-6f2ebfc06ea9,The Weeknd,7bf26e70,02-12-2015,setlist.fm,Rogers Arena,33d65801,Arena,8005,Vancouver,BC,Canada,Large,A-list,7318,FALSE,91.4,137,$75-$274,1002566,02-12-2015,2025-11-01T04:32:04.905758Z,2025-11-01T04:32:04.905758Z
c8b03190-306c-4120-bb0b-6f2ebfc06ea9,The Weeknd,63f26e77,30-11-2015,setlist.fm,Rexall Place,63d6ce7b,Other,1106,Edmonton,AB,Canada,Large,A-list,1031,FALSE,93.3,110,$60-$220,113410,30-11-2015,2025-11-01T04:32:04.905758Z,2025-11-01T04:32:04.905758Z
c8b03190-306c-4120-bb0b-6f2ebfc06ea9,The Weeknd,bf29d32,29-11-2015,setlist.fm,Scotiabank Saddledome,13d7a181,Stadium,68773,Calgary,AB,Canada,Large,A-list,66247,FALSE,96.3,207,$113-$414,13713129,29-11-2015,2025-11-01T04:32:04.905758Z,2025-11-01T04:32:04.905758Z
c8b03190-306c-4120-bb0b-6f2ebfc06ea9,The Weeknd,3f29d33,27-11-2015,setlist.fm,MTS Centre,73d6ce79,Other,5158,Winnipeg,MB,Canada,Large,A-list,4082,FALSE,79.2,118,$64-$236,481676,27-11-2015,2025-11-01T04:32:04.905758Z,2025-11-01T04:32:04.905758Z
c8b03190-306c-4120-bb0b-6f2ebfc06ea9,The Weeknd,5bf2ff34,24-11-2015,setlist.fm,Centre Bell,6bd6d222,Other,2475,Montreal,QC,Canada,Large,A-list,2137,FALSE,86.4,110,$60-$220,235070,24-11-2015,2025-11-01T04:32:04.905758Z,2025-11-01T04:32:04.905758Z
c8b03190-306c-4120-bb0b-6f2ebfc06ea9,The Weeknd,13f55135,22-11-2015,setlist.fm,Microsoft Theater,1bd5b144,Theater,1861,Los Angeles,CA,United States,Major,A-list,1519,FALSE,81.7,128,$70-$256,194432,22-11-2015,2025-11-01T04:32:04.905758Z,2025-11-01T04:32:04.905758Z
c8b03190-306c-4120-bb0b-6f2ebfc06ea9,The Weeknd,53f54f51,19-11-2015,setlist.fm,Barclays Center,2bd77066,Arena,8134,Brooklyn,NY,United States,Large,A-list,7374,FALSE,90.7,159,$87-$318,1172466,19-11-2015,2025-11-01T04:32:04.905758Z,2025-11-01T04:32:04.905758Z
c8b03190-306c-4120-bb0b-6f2ebfc06ea9,The Weeknd,73f26e75,18-11-2015,setlist.fm,Barclays Center,2bd77066,Arena,19959,Brooklyn,NY,United States,Large,A-list,18103,FALSE,90.7,142,$78-$284,2570626,18-11-2015,2025-11-01T04:32:04.905758Z,2025-11-01T04:32:04.905758Z
c8b03190-306c-4120-bb0b-6f2ebfc06ea9,The Weeknd,4bf563fa,16-11-2015,setlist.fm,Madison Square Garden,23d63cc7,Other,1224,New York,NY,United States,Major,A-list,1016,FALSE,83.0,108,$59-$216,109728,16-11-2015,2025-11-01T04:32:04.905758Z,2025-11-01T04:32:04.905758Z
c8b03190-306c-4120-bb0b-6f2ebfc06ea9,The Weeknd,1bf57d78,15-11-2015,setlist.fm,Verizon Center,3bd6383c,Arena,14808,Washington,DC,United States,Major,A-list,14094,FALSE,95.2,136,$74-$272,1916784,15-11-2015,2025-11-01T04:32:04.905758Z,2025-11-01T04:32:04.905758Z
c8b03190-306c-4120-bb0b-6f2ebfc06ea9,The Weeknd,6bf50292,14-11-2015,setlist.fm,Mohegan Sun Arena,53d61fb1,Arena,11854,Uncasville,CT,United States,Large,A-list,11029,FALSE,93.0,156,$85-$312,1720524,14-11-2015,2025-11-01T04:32:04.905758Z,2025-11-01T04:32:04.905758Z
c8b03190-306c-4120-bb0b-6f2ebfc06ea9,The Weeknd,7bf51690,12-11-2015,setlist.fm,DCU Center,13d63961,Arena,9176,Worcester,MA,United States,Large,A-list,8834,FALSE,96.3,151,$83-$302,1333934,12-11-2015,2025-11-01T04:32:04.905758Z,2025-11-01T04:32:04.905758Z
c8b03190-306c-4120-bb0b-6f2ebfc06ea9,The Weeknd,3f51997,11-11-2015,setlist.fm,Prudential Center,23d63823,Arena,8032,Newark,NJ,United States,Large,A-list,7099,FALSE,88.4,159,$87-$318,1128741,11-11-2015,2025-11-01T04:32:04.905758Z,2025-11-01T04:32:04.905758Z
c8b03190-306c-4120-bb0b-6f2ebfc06ea9,The Weeknd,bf50dbe,10-11-2015,setlist.fm,69th Regiment Armory,bd0895e,Other,1668,New York,NY,United States,Major,A-list,1543,FALSE,92.6,105,$57-$210,162015,10-11-2015,2025-11-01T04:32:04.905758Z,2025-11-01T04:32:04.905758Z
c8b03190-306c-4120-bb0b-6f2ebfc06ea9,The Weeknd,7bf26e74,07-11-2015,setlist.fm,The Palace of Auburn Hills,23d63847,Other,6934,Auburn Hills,MI,United States,Large,A-list,5832,FALSE,84.1,104,$57-$208,606528,07-11-2015,2025-11-01T04:32:04.905758Z,2025-11-01T04:32:04.905758Z
c8b03190-306c-4120-bb0b-6f2ebfc06ea9,The Weeknd,3f5119f,06-11-2015,setlist.fm,United Center,63d0f2d3,Arena,18528,Chicago,IL,United States,Major,A-list,15002,FALSE,81.0,149,$81-$298,2235298,06-11-2015,2025-11-01T04:32:04.905758Z,2025-11-01T04:32:04.905758Z
c8b03190-306c-4120-bb0b-6f2ebfc06ea9,The Weeknd,3bf52c74,05-11-2015,setlist.fm,Air Canada Centre,1bd6d918,Other,10493,Toronto,ON,Canada,Large,A-list,9500,FALSE,90.5,120,$66-$240,1140000,05-11-2015,2025-11-01T04:32:04.905758Z,2025-11-01T04:32:04.905758Z
c8b03190-306c-4120-bb0b-6f2ebfc06ea9,The Weeknd,4bf53f36,03-11-2015,setlist.fm,Air Canada Centre,1bd6d918,Other,10522,Toronto,ON,Canada,Large,A-list,9985,FALSE,94.9,106,$58-$212,1058410,03-11-2015,2025-11-01T04:32:04.905758Z,2025-11-01T04:32:04.905758Z
c8b03190-306c-4120-bb0b-6f2ebfc06ea9,The Weeknd,63f58ed7,24-10-2015,setlist.fm,Hollywood Bowl,33d62cf9,Other,6466,Los Angeles,CA,United States,Major,A-list,5481,FALSE,84.8,106,$58-$212,580986,24-10-2015,2025-11-01T04:32:04.905758Z,2025-11-01T04:32:04.905758Z
c8b03190-306c-4120-bb0b-6f2ebfc06ea9,The Weeknd,23f468ab,11-10-2015,setlist.fm,Zilker Park,33d638ad,Other,6760,Austin,TX,United States,Major,A-list,5590,FALSE,82.7,121,$66-$242,676390,11-10-2015,2025-11-01T04:32:04.905758Z,2025-11-01T04:32:04.905758Z
c8b03190-306c-4120-bb0b-6f2ebfc06ea9,The Weeknd,bf465b2,10-10-2015,setlist.fm,Saturday Night Live,bd6c9f6,Other,7171,New York,NY,United States,Major,A-list,5721,FALSE,79.8,102,$56-$204,583542,10-10-2015,2025-11-01T04:32:04.905758Z,2025-11-01T04:32:04.905758Z
c8b03190-306c-4120-bb0b-6f2ebfc06ea9,The Weeknd,7bf42e0c,04-10-2015,setlist.fm,Zilker Park,33d638ad,Other,4296,Austin,TX,United States,Major,A-list,3637,FALSE,84.7,106,$58-$212,385522,04-10-2015,2025-11-01T04:32:04.905758Z,2025-11-01T04:32:04.905758Z
c8b03190-306c-4120-bb0b-6f2ebfc06ea9,The Weeknd,3f0f593,01-10-2015,setlist.fm,Vulkan Arena,73d56ac1,Arena,19419,Oslo,12,Norway,Large,A-list,18135,FALSE,93.4,160,$88-$320,2901600,01-10-2015,2025-11-01T04:32:04.905758Z,2025-11-01T04:32:04.905758Z
c8b03190-306c-4120-bb0b-6f2ebfc06ea9,The Weeknd,33f2e001,30-09-2015,setlist.fm,Maida Vale Studios,6bd6ca86,Other,2672,London,ENG,United Kingdom,Large,A-list,2091,FALSE,78.3,122,$67-$244,255102,30-09-2015,2025-11-01T04:32:04.905758Z,2025-11-01T04:32:04.905758Z
c8b03190-306c-4120-bb0b-6f2ebfc06ea9,The Weeknd,3b46c82c,25-09-2015,setlist.fm,The Graham Norton Show,63d44277,Other,13445,London,ENG,United Kingdom,Large,A-list,12935,FALSE,96.2,112,$61-$224,1448720,25-09-2015,2025-11-01T04:32:04.905758Z,2025-11-01T04:32:04.905758Z
c8b03190-306c-4120-bb0b-6f2ebfc06ea9,The Weeknd,63f4fe37,23-09-2015,setlist.fm,Roundhouse,2bd6d0d2,Other,7809,London,ENG,United Kingdom,Large,A-list,7561,FALSE,96.8,122,$67-$244,922442,23-09-2015,2025-11-01T04:32:04.905758Z,2025-11-01T04:32:04.905758Z
c8b03190-306c-4120-bb0b-6f2ebfc06ea9,The Weeknd,6b59ee92,22-09-2015,setlist.fm,Le Grand Journal,73d5b6a1,Other,9025,Paris,11,France,Large,A-list,7857,FALSE,87.1,105,$57-$210,824985,22-09-2015,2025-11-01T04:32:04.905758Z,2025-11-01T04:32:04.905758Z
c8b03190-306c-4120-bb0b-6f2ebfc06ea9,The Weeknd,6bf49e32,19-09-2015,setlist.fm,MGM Grand Garden Arena,5bd6378c,Arena,16532,Las Vegas,NV,United States,Major,A-list,15439,FALSE,93.4,150,$82-$300,2315850,19-09-2015,2025-11-01T04:32:04.905758Z,2025-11-01T04:32:04.905758Z
c8b03190-306c-4120-bb0b-6f2ebfc06ea9,The Weeknd,35c99e3,18-09-2015,setlist.fm,Drai's Beachclub & Nightclub,7bd2ce44,Club,669,Las Vegas,NV,United States,Major,A-list,639,FALSE,95.6,94,$51-$188,60066,18-09-2015,2025-11-01T04:32:04.905758Z,2025-11-01T04:32:04.905758Z
c8b03190-306c-4120-bb0b-6f2ebfc06ea9,The Weeknd,1bf7699c,06-09-2015,setlist.fm,Benjamin Franklin Parkway,1bd66118,Other,8020,Philadelphia,PA,United States,Major,A-list,7495,FALSE,93.5,119,$65-$238,891905,06-09-2015,2025-11-01T04:32:04.905758Z,2025-11-01T04:32:04.905758Z
c8b03190-306c-4120-bb0b-6f2ebfc06ea9,The Weeknd,bf77102,05-09-2015,setlist.fm,Memorial Stadium,bd6c962,Stadium,55858,Seattle,WA,United States,Major,A-list,54280,FALSE,97.2,194,$106-$388,10530320,05-09-2015,2025-11-01T04:32:04.905758Z,2025-11-01T04:32:04.905758Z
c8b03190-306c-4120-bb0b-6f2ebfc06ea9,The Weeknd,3f7154f,30-08-2015,setlist.fm,Microsoft Theater,1bd5b144,Theater,4413,Los Angeles,CA,United States,Major,A-list,3761,FALSE,85.2,137,$75-$274,515257,30-08-2015,2025-11-01T04:32:04.905758Z,2025-11-01T04:32:04.905758Z
c8b03190-306c-4120-bb0b-6f2ebfc06ea9,The Weeknd,13f7196d,25-08-2015,setlist.fm,Mod Club Theatre,73d416a1,Theater,3749,Toronto,ON,Canada,Large,A-list,3024,FALSE,80.7,115,$63-$230,347760,25-08-2015,2025-11-01T04:32:04.905758Z,2025-11-01T04:32:04.905758Z
c8b03190-306c-4120-bb0b-6f2ebfc06ea9,The Weeknd,73f7d2a5,22-08-2015,setlist.fm,Nikon at Jones Beach Theater,3bd6d810,Theater,1929,Wantagh,NY,United States,Large,A-list,1580,FALSE,81.9,133,$73-$266,210140,22-08-2015,2025-11-01T04:32:04.905758Z,2025-11-01T04:32:04.905758Z
c8b03190-306c-4120-bb0b-6f2ebfc06ea9,The Weeknd,6b87aa52,18-08-2015,setlist.fm,Drai's Beachclub & Nightclub,7bd2ce44,Club,687,Las Vegas,NV,United States,Major,A-list,563,FALSE,82.0,106,$58-$212,59678,18-08-2015,2025-11-01T04:32:04.905758Z,2025-11-01T04:32:04.905758Z
c8b03190-306c-4120-bb0b-6f2ebfc06ea9,The Weeknd,7bb45208,15-08-2015,setlist.fm,Somerset Amphitheater,43d7ef7b,Theater,4510,Somerset,WI,United States,Large,A-list,3892,FALSE,86.3,119,$65-$238,463148,15-08-2015,2025-11-01T04:32:04.905758Z,2025-11-01T04:32:04.905758Z
c8b03190-306c-4120-bb0b-6f2ebfc06ea9,The Weeknd,bf7b1c2,01-08-2015,setlist.fm,Fairplex,2bd2947e,Other,7194,Pomona,CA,United States,Large,A-list,6020,FALSE,83.7,104,$57-$208,626080,01-08-2015,2025-11-01T04:32:04.905758Z,2025-11-01T04:32:04.905758Z
c8b03190-306c-4120-bb0b-6f2ebfc06ea9,The Weeknd,6bf66ea6,31-07-2015,setlist.fm,Grant Park,53d6cfdd,Other,7113,Chicago,IL,United States,Major,A-list,5976,FALSE,84.0,112,$61-$224,669312,31-07-2015,2025-11-01T04:32:04.905758Z,2025-11-01T04:32:04.905758Z
c8b03190-306c-4120-bb0b-6f2ebfc06ea9,The Weeknd,43f65fdf,21-07-2015,setlist.fm,The Bomb Factory,3d59d8b,Other,2277,Osea Island,ENG,United Kingdom,Large,A-list,2188,FALSE,96.1,112,$61-$224,245056,21-07-2015,2025-11-01T04:32:04.905758Z,2025-11-01T04:32:04.905758Z
c8b03190-306c-4120-bb0b-6f2ebfc06ea9,The Weeknd,63f60aef,04-07-2015,setlist.fm,Holland Park,33d67825,Other,4150,Surrey,BC,Canada,Large,A-list,3398,FALSE,81.9,119,$65-$238,404362,04-07-2015,2025-11-01T04:32:04.905758Z,2025-11-01T04:32:04.905758Z
c8b03190-306c-4120-bb0b-6f2ebfc06ea9,The Weeknd,63b452ef,03-07-2015,setlist.fm,Drai's Beachclub & Nightclub,7bd2ce44,Club,341,Las Vegas,NV,United States,Major,A-list,303,FALSE,88.9,101,$55-$202,30603,03-07-2015,2025-11-01T04:32:04.905758Z,2025-11-01T04:32:04.905758Z
c8b03190-306c-4120-bb0b-6f2ebfc06ea9,The Weeknd,3bc9482c,28-06-2015,setlist.fm,Microsoft Theater,1bd5b144,Theater,3021,Los Angeles,CA,United States,Major,A-list,2388,FALSE,79.1,126,$69-$252,300888,28-06-2015,2025-11-01T04:32:04.905758Z,2025-11-01T04:32:04.905758Z
c8b03190-306c-4120-bb0b-6f2ebfc06ea9,The Weeknd,33c970e1,21-06-2015,setlist.fm,299 Queen Street West,3d5111b,Other,13022,Toronto,ON,Canada,Large,A-list,10251,FALSE,78.7,104,$57-$208,1066104,21-06-2015,2025-11-01T04:32:04.905758Z,2025-11-01T04:32:04.905758Z
c8b03190-306c-4120-bb0b-6f2ebfc06ea9,The Weeknd,1b9475f8,14-06-2015,setlist.fm,Drai's Beachclub & Nightclub,7bd2ce44,Club,494,Las Vegas,NV,United States,Major,A-list,448,FALSE,90.7,94,$51-$188,42112,14-06-2015,2025-11-01T04:32:04.905758Z,2025-11-01T04:32:04.905758Z
c8b03190-306c-4120-bb0b-6f2ebfc06ea9,The Weeknd,335ae06d,08-06-2015,setlist.fm,Moscone Center,3d6c923,Arena,9242,San Francisco,CA,United States,Major,A-list,8750,FALSE,94.7,141,$77-$282,1233750,08-06-2015,2025-11-01T04:32:04.905758Z,2025-11-01T04:32:04.905758Z
c8b03190-306c-4120-bb0b-6f2ebfc06ea9,The Weeknd,b5ca176,02-06-2015,setlist.fm,Museum of Modern Art,63d66efb,Other,13993,New York,NY,United States,Major,A-list,12290,FALSE,87.8,105,$57-$210,1290450,02-06-2015,2025-11-01T04:32:04.905758Z,2025-11-01T04:32:04.905758Z
c8b03190-306c-4120-bb0b-6f2ebfc06ea9,The Weeknd,bc98dc2,31-05-2015,setlist.fm,Merriweather Post Pavilion,53d61ff5,Arena,9228,Columbia,MD,United States,Large,A-list,7363,FALSE,79.8,150,$82-$300,1104450,31-05-2015,2025-11-01T04:32:04.905758Z,2025-11-01T04:32:04.905758Z
c8b03190-306c-4120-bb0b-6f2ebfc06ea9,The Weeknd,73edd66d,30-05-2015,setlist.fm,Festival Pier at Penn's Landing,7bd6da84,Other,1123,Philadelphia,PA,United States,Major,A-list,1083,FALSE,96.5,110,$60-$220,119130,30-05-2015,2025-11-01T04:32:04.905758Z,2025-11-01T04:32:04.905758Z
c8b03190-306c-4120-bb0b-6f2ebfc06ea9,The Weeknd,1ba585a0,29-05-2015,setlist.fm,Borgata Event Center,2bd11032,Arena,15560,Atlantic City,NJ,United States,Large,A-list,14885,FALSE,95.7,163,$89-$326,2426255,29-05-2015,2025-11-01T04:32:04.905758Z,2025-11-01T04:32:04.905758Z
c8b03190-306c-4120-bb0b-6f2ebfc06ea9,The Weeknd,635ca683,23-05-2015,setlist.fm,Drai's Beachclub & Nightclub,7bd2ce44,Club,591,Las Vegas,NV,United States,Major,A-list,541,FALSE,91.7,97,$53-$194,52477,23-05-2015,2025-11-01T04:32:04.905758Z,2025-11-01T04:32:04.905758Z
c8b03190-306c-4120-bb0b-6f2ebfc06ea9,The Weeknd,3bb28468,07-05-2015,setlist.fm,Today Show,53d6cb79,Other,8826,New York,NY,United States,Major,A-list,7610,FALSE,86.2,113,$62-$226,859930,07-05-2015,2025-11-01T04:32:04.905758Z,2025-11-01T04:32:04.905758Z
c8b03190-306c-4120-bb0b-6f2ebfc06ea9,The Weeknd,3bc8fc18,18-04-2015,setlist.fm,Empire Polo Club,13d39d15,Club,355,Indio,CA,United States,Large,A-list,332,FALSE,93.5,94,$51-$188,31208,18-04-2015,2025-11-01T04:32:04.905758Z,2025-11-01T04:32:04.905758Z
c8b03190-306c-4120-bb0b-6f2ebfc06ea9,The Weeknd,13c8a9b1,11-04-2015,setlist.fm,Empire Polo Club,13d39d15,Club,975,Indio,CA,United States,Large,A-list,928,FALSE,95.2,104,$57-$208,96512,11-04-2015,2025-11-01T04:32:04.905758Z,2025-11-01T04:32:04.905758Z
c8b03190-306c-4120-bb0b-6f2ebfc06ea9,The Weeknd,1b5ca178,20-03-2015,setlist.fm,Drai's Beachclub & Nightclub,7bd2ce44,Club,824,Las Vegas,NV,United States,Major,A-list,725,FALSE,88.0,96,$52-$192,69600,20-03-2015,2025-11-01T04:32:04.905758Z,2025-11-01T04:32:04.905758Z
c8b03190-306c-4120-bb0b-6f2ebfc06ea9,The Weeknd,5bcb0fc0,19-03-2015,setlist.fm,Jimmy Kimmel Live,4bd7c3d6,Other,4441,Los Angeles,CA,United States,Major,A-list,4075,FALSE,91.8,105,$57-$210,427875,19-03-2015,2025-11-01T04:32:04.905758Z,2025-11-01T04:32:04.905758Z
c8b03190-306c-4120-bb0b-6f2ebfc06ea9,The Weeknd,73cb3239,18-03-2015,setlist.fm,Coppertank Events Center,3bd4bc98,Arena,8090,Austin,TX,United States,Major,A-list,7227,FALSE,89.3,150,$82-$300,1084050,18-03-2015,2025-11-01T04:32:04.905758Z,2025-11-01T04:32:04.905758Z
c8b03190-306c-4120-bb0b-6f2ebfc06ea9,The Weeknd,bfb9d52,15-03-2015,setlist.fm,FirstOntario Centre,5bd4cbd4,Other,6875,Hamilton,ON,Canada,Large,A-list,6337,FALSE,92.2,112,$61-$224,709744,15-03-2015,2025-11-01T04:32:04.905758Z,2025-11-01T04:32:04.905758Z
c8b03190-306c-4120-bb0b-6f2ebfc06ea9,The Weeknd,3b3ada3,13-02-2015,setlist.fm,Drai's Beachclub & Nightclub,7bd2ce44,Club,910,Las Vegas,NV,United States,Major,A-list,792,FALSE,87.0,102,$56-$204,80784,13-02-2015,2025-11-01T04:32:04.905758Z,2025-11-01T04:32:04.905758Z
c8b03190-306c-4120-bb0b-6f2ebfc06ea9,The Weeknd,3bb284a0,12-02-2015,setlist.fm,The Tonight Show Starring Jimmy Fallon,13d4dd51,Other,5222,New York,NY,United States,Major,A-list,4887,FALSE,93.6,124,$68-$248,605988,12-02-2015,2025-11-01T04:32:04.905758Z,2025-11-01T04:32:04.905758Z
c8b03190-306c-4120-bb0b-6f2ebfc06ea9,The Weeknd,1bb3ada0,05-02-2015,setlist.fm,El Rey Theatre,7bd4e2f8,Theater,4719,Los Angeles,CA,United States,Major,A-list,4621,FALSE,97.9,136,$74-$272,628456,05-02-2015,2025-11-01T04:32:04.905758Z,2025-11-01T04:32:04.905758Z
c8b03190-306c-4120-bb0b-6f2ebfc06ea9,The Weeknd,13b3ad9d,09-01-2015,setlist.fm,Drai's Beachclub & Nightclub,7bd2ce44,Club,331,Las Vegas,NV,United States,Major,A-list,276,FALSE,83.5,99,$54-$198,27324,09-01-2015,2025-11-01T04:32:04.905758Z,2025-11-01T04:32:04.905758Z
c8b03190-306c-4120-bb0b-6f2ebfc06ea9,The Weeknd,1b5ca170,03-01-2015,setlist.fm,LEX Nightclub,bd58196,Club,683,Reno,NV,United States,Large,A-list,629,FALSE,92.2,94,$51-$188,59126,03-01-2015,2025-11-01T04:32:04.905758Z,2025-11-01T04:32:04.905758Z
c8b03190-306c-4120-bb0b-6f2ebfc06ea9,The Weeknd,bb3ad9e,02-01-2015,setlist.fm,Drai's Beachclub & Nightclub,7bd2ce44,Club,974,Las Vegas,NV,United States,Major,A-list,812,FALSE,83.4,105,$57-$210,85260,02-01-2015,2025-11-01T04:32:04.905758Z,2025-11-01T04:32:04.905758Z
